2, 5, 1, nback, 1, 1, 1!, 1!, 41, 065.jpg, singleton, nback_singleton, 0.0121, 1, 0.5885
2, 5, 1, nback, 2, 1, 1!, 1!, 35, 094.jpg, different, nback_different_pair1, 0.0141, 1, 0.4744
2, 5, 1, nback, 3, 1, 2@, 2@, 41, 065.jpg, singleton, nback_singleton_2back, 0.0161, 1, 0.4965
2, 5, 1, nback, 4, 1, 1!, 1!, 36, 043.jpg, different, nback_different_pair2, 0.0011, 1, 0.3918
2, 5, 1, nback, 5, 1, 1!, 1!, 48, 012.jpg, singleton, nback_singleton, 0.0034, 1, 0.4056
2, 5, 1, nback, 6, 1, 2@, 2@, 36, 043.jpg, different, nback_different_pair2_2back, 0.0054, 1, 0.6035
2, 5, 1, nback, 7, 1, 1!, 1!, 37, 093.jpg, different, nback_different_pair1, 0.0074, 1, 0.4654
2, 5, 1, nback, 8, 1, 1!, 1!, 38, 013.jpg, different, nback_different_pair2, 0.0094, 1, 0.4715
2, 5, 1, nback, 9, 1, 1!, 1!, 39, 081.jpg, different, nback_different_pair1, 0.0113, 1, 0.8213
2, 5, 1, nback, 10, 1, 1!, 1!, 40, 051.jpg, different, nback_different_pair2, 0.0134, 1, 0.6035
2, 5, 1, nback, 11, 1, 2@, 2@, 39, 081.jpg, different, nback_different_pair1_2back, 0.0154, 1, 0.4574
2, 5, 1, nback, 12, 1, 1!, 1!, 25, 059.jpg, same, nback_same_pair1, 0.0174, 1, 0.4871
2, 5, 1, nback, 13, 1, 1!, 1!, 26, 090.jpg, same, nback_same_pair2, 0.0027, 1, 0.7102
2, 5, 1, nback, 14, 1, 1!, 1!, 33, 062.jpg, different, nback_different_pair1, 0.0047, 1, 0.4601
2, 5, 1, nback, 15, 1, 1!, 1!, 34, 038.jpg, different, nback_different_pair2, 0.0067, 1, 0.5701
2, 5, 1, nback, 16, 1, 1!, 1!, 31, 011.jpg, same, nback_same_pair1, 0.0087, 1, 0.6321
2, 5, 1, nback, 17, 1, 2@, 1!, 32, 031.jpg, same, nback_same_pair2, 0.0107, 0, 0.5902
2, 5, 1, nback, 18, 1, 2@, 2@, 31, 011.jpg, same, nback_same_pair1_2back, 0.0127, 1, 0.5962
2, 5, 1, nback, 19, 1, 1!, 1!, 42, 025.jpg, singleton, nback_singleton, 0.0147, 1, 0.4902
2, 5, 1, nback, 20, 1, 1!, 1!, 46, 092.jpg, singleton, nback_singleton, 0.0167, 1, 0.4802
2, 5, 1, nback, 21, 1, 2@, 2@, 42, 025.jpg, singleton, nback_singleton_2back, 0.0020, 1, 0.4705
2, 5, 1, nback, 22, 1, 1!, 1!, 27, 030.jpg, same, nback_same_pair1, 0.0040, 1, 0.4525
2, 5, 1, nback, 23, 1, 1!, 1!, 28, 071.jpg, same, nback_same_pair2, 0.0060, 1, 0.3787
2, 5, 1, nback, 24, 1, 1!, 1!, 45, 075.jpg, singleton, nback_singleton, 0.0079, 1, 0.6089
2, 5, 1, nback, 25, 1, 1!, 1!, 29, 060.jpg, same, nback_same_pair1, 0.0100, 1, 0.5028
2, 5, 1, nback, 26, 1, 1!, 1!, 30, 037.jpg, same, nback_same_pair2, 0.0120, 1, 0.4850
2, 5, 1, nback, 27, 1, 1!, 1!, 44, 080.jpg, singleton, nback_singleton, 0.0140, 1, 0.4507
2, 5, 1, nback, 28, 1, 2@, 2@, 30, 037.jpg, same, nback_same_pair2_2back, 0.0160, 1, 0.3847
2, 5, 1, nback, 29, 1, 1!, 1!, 47, 055.jpg, singleton, nback_singleton, 0.0012, 1, 0.4796
2, 5, 1, nback, 30, 1, 1!, 1!, 43, 044.jpg, singleton, nback_singleton, 0.0033, 1, 0.4292
2, 5, 2, cat, 1, 1, 1!, 1!, 13, 018.jpg, different, cat_different_pair1, 0.0161, 1, 0.4964
2, 5, 2, cat, 2, 1, 2@, 2@, 14, 006.jpg, different, cat_different_pair2, 0.0016, 1, 0.7590
2, 5, 2, cat, 3, 1, 2@, 2@, 11, 039.jpg, different, cat_different_pair1, 0.0036, 1, 0.4691
2, 5, 2, cat, 4, 1, 1!, 1!, 12, 033.jpg, different, cat_different_pair2, 0.0056, 1, 0.5871
2, 5, 2, cat, 5, 1, 2@, 1!, 17, 063.jpg, singleton, cat_singleton, 0.0076, 0, 0.4169
2, 5, 2, cat, 6, 1, 1!, 1!, 12, 033.jpg, different, cat_different_pair2_2back, 0.0096, 1, 0.4871
2, 5, 2, cat, 7, 1, 1!, 1!, 17, 063.jpg, singleton, cat_singleton_2back, 0.0116, 1, 0.3972
2, 5, 2, cat, 8, 1, 2@, 2@, 7, 027.jpg, same, cat_same_pair1, 0.0136, 1, 0.5394
2, 5, 2, cat, 9, 1, 2@, 2@, 8, 003.jpg, same, cat_same_pair2, 0.0156, 1, 0.5291
2, 5, 2, cat, 10, 1, 2@, 2@, 23, 058.jpg, singleton, cat_singleton, 0.0176, 1, 0.5352
2, 5, 2, cat, 11, 1, 2@, 2@, 8, 003.jpg, same, cat_same_pair2_2back, 0.0029, 1, 0.4938
2, 5, 2, cat, 12, 1, 1!, 1!, 19, 073.jpg, singleton, cat_singleton, 0.0050, 1, 0.4835
2, 5, 2, cat, 13, 1, 2@, 2@, 22, 007.jpg, singleton, cat_singleton, 0.0069, 1, 0.4978
2, 5, 2, cat, 14, 1, 1!, 1!, 3, 014.jpg, same, cat_same_pair1, 0.0089, 1, 0.5998
2, 5, 2, cat, 15, 1, 1!, 1!, 4, 034.jpg, same, cat_same_pair2, 0.0109, 1, 0.5098
2, 5, 2, cat, 16, 1, 2@, 2@, 21, 078.jpg, singleton, cat_singleton, 0.0129, 1, 0.5317
2, 5, 2, cat, 17, 1, 1!, 1!, 15, 017.jpg, different, cat_different_pair1, 0.0149, 1, 0.4498
2, 5, 2, cat, 18, 1, 2@, 2@, 16, 050.jpg, different, cat_different_pair2, 0.0169, 1, 0.5518
2, 5, 2, cat, 19, 1, 2@, 2@, 9, 056.jpg, different, cat_different_pair1, 0.0022, 1, 0.5985
2, 5, 2, cat, 20, 1, 1!, 1!, 10, 076.jpg, different, cat_different_pair2, 0.0042, 1, 0.5085
2, 5, 2, cat, 21, 1, 2@, 2@, 9, 056.jpg, different, cat_different_pair1_2back, 0.0062, 1, 0.5945
2, 5, 2, cat, 22, 1, 2@, 2@, 24, 067.jpg, singleton, cat_singleton, 0.0082, 1, 0.5126
2, 5, 2, cat, 23, 1, 1!, 1!, 20, 042.jpg, singleton, cat_singleton, 0.0102, 1, 0.5424
2, 5, 2, cat, 24, 1, 1!, 1!, 1, 019.jpg, same, cat_same_pair1, 0.0122, 1, 0.5085
2, 5, 2, cat, 25, 1, 1!, 1!, 20, 042.jpg, singleton, cat_singleton_2back, 0.0142, 1, 0.4666
2, 5, 2, cat, 26, 1, 1!, 1!, 1, 019.jpg, same, cat_same_pair1_2back, 0.0162, 1, 0.4726
2, 5, 2, cat, 27, 1, 1!, 1!, 2, 087.jpg, same, cat_same_pair2, 0.0015, 1, 0.4872
2, 5, 2, cat, 28, 1, 1!, 1!, 18, 041.jpg, singleton, cat_singleton, 0.0035, 1, 0.6773
2, 5, 2, cat, 29, 1, 2@, 2@, 5, 070.jpg, same, cat_same_pair1, 0.0055, 1, 0.4513
2, 5, 2, cat, 30, 1, 2@, 2@, 6, 048.jpg, same, cat_same_pair2, 0.0075, 1, 0.5292
2, 5, 3, nback, 1, 1, 1!, 1!, 46, 092.jpg, singleton, nback_singleton, 0.0038, 1, 0.5969
2, 5, 3, nback, 2, 1, 1!, 1!, 25, 059.jpg, same, nback_same_pair1, 0.0058, 1, 0.5068
2, 5, 3, nback, 3, 1, 1!, 1!, 26, 090.jpg, same, nback_same_pair2, 0.0079, 1, 0.4568
2, 5, 3, nback, 4, 1, 1!, 1!, 31, 011.jpg, same, nback_same_pair1, 0.0098, 1, 0.4066
2, 5, 3, nback, 5, 1, 2@, 2@, 26, 090.jpg, same, nback_same_pair2_2back, 0.0118, 1, 0.6610
2, 5, 3, nback, 6, 1, 1!, 1!, 32, 031.jpg, same, nback_same_pair2, 0.0138, 1, 0.4750
2, 5, 3, nback, 7, 1, 1!, 1!, 27, 030.jpg, same, nback_same_pair1, 0.0158, 1, 0.6167
2, 5, 3, nback, 8, 1, 1!, 1!, 28, 071.jpg, same, nback_same_pair2, 0.0178, 1, 0.5190
2, 5, 3, nback, 9, 1, 2@, 2@, 27, 030.jpg, same, nback_same_pair1_2back, 0.0032, 1, 0.4775
2, 5, 3, nback, 10, 1, 1!, 1!, 33, 062.jpg, different, nback_different_pair1, 0.0051, 1, 0.4837
2, 5, 3, nback, 11, 1, 1!, 1!, 34, 038.jpg, different, nback_different_pair2, 0.0071, 1, 0.4735
2, 5, 3, nback, 12, 1, 1!, 1!, 39, 081.jpg, different, nback_different_pair1, 0.0091, 1, 0.6795
2, 5, 3, nback, 13, 1, 1!, 1!, 40, 051.jpg, different, nback_different_pair2, 0.0111, 1, 0.5735
2, 5, 3, nback, 14, 1, 1!, 1!, 29, 060.jpg, same, nback_same_pair1, 0.0131, 1, 0.5153
2, 5, 3, nback, 15, 1, 2@, 2@, 40, 051.jpg, different, nback_different_pair2_2back, 0.0151, 1, 0.5854
2, 5, 3, nback, 16, 1, 1!, 1!, 30, 037.jpg, same, nback_same_pair2, 0.0171, 1, 0.4955
2, 5, 3, nback, 17, 1, 1!, 1!, 47, 055.jpg, singleton, nback_singleton, 0.0024, 1, 0.5023
2, 5, 3, nback, 18, 1, 1!, 1!, 45, 075.jpg, singleton, nback_singleton, 0.0044, 1, 0.4842
2, 5, 3, nback, 19, 1, 2@, 2@, 47, 055.jpg, singleton, nback_singleton_2back, 0.0064, 1, 0.4582
2, 5, 3, nback, 20, 1, 1!, 1!, 44, 080.jpg, singleton, nback_singleton, 0.0084, 1, 0.5043
2, 5, 3, nback, 21, 1, 1!, 1!, 48, 012.jpg, singleton, nback_singleton, 0.0104, 1, 0.5023
2, 5, 3, nback, 22, 1, 2@, 2@, 44, 080.jpg, singleton, nback_singleton_2back, 0.0124, 1, 0.4442
2, 5, 3, nback, 23, 1, 1!, 1!, 41, 065.jpg, singleton, nback_singleton, 0.0143, 1, 0.4744
2, 5, 3, nback, 24, 1, 1!, 1!, 35, 094.jpg, different, nback_different_pair1, 0.0164, 1, 0.4962
2, 5, 3, nback, 25, 1, 1!, 1!, 36, 043.jpg, different, nback_different_pair2, 0.0017, 1, 0.5109
2, 5, 3, nback, 26, 1, 1!, 1!, 37, 093.jpg, different, nback_different_pair1, 0.0037, 1, 0.5891
2, 5, 3, nback, 27, 1, 1!, 1!, 38, 013.jpg, different, nback_different_pair2, 0.0057, 1, 0.5150
2, 5, 3, nback, 28, 1, 2@, 2@, 37, 093.jpg, different, nback_different_pair1_2back, 0.0077, 1, 0.4328
2, 5, 3, nback, 29, 1, 1!, 1!, 43, 044.jpg, singleton, nback_singleton, 0.0097, 1, 0.5268
2, 5, 3, nback, 30, 1, 1!, 1!, 42, 025.jpg, singleton, nback_singleton, 0.0116, 1, 0.5570
2, 5, 4, cat, 1, 1, 1!, 1!, 17, 063.jpg, singleton, cat_singleton, 0.0080, 1, 0.5443
2, 5, 4, cat, 2, 1, 2@, 2@, 22, 007.jpg, singleton, cat_singleton, 0.0100, 1, 0.5187
2, 5, 4, cat, 3, 1, 2@, 2@, 21, 078.jpg, singleton, cat_singleton, 0.0120, 1, 0.4763
2, 5, 4, cat, 4, 1, 2@, 2@, 22, 007.jpg, singleton, cat_singleton_2back, 0.0140, 1, 0.6907
2, 5, 4, cat, 5, 1, 2@, 2@, 24, 067.jpg, singleton, cat_singleton, 0.0160, 1, 0.5206
2, 5, 4, cat, 6, 1, 1!, 1!, 19, 073.jpg, singleton, cat_singleton, 0.0013, 1, 0.4716
2, 5, 4, cat, 7, 1, 2@, 2@, 5, 070.jpg, same, cat_same_pair1, 0.0031, 1, 0.4532
2, 5, 4, cat, 8, 1, 2@, 2@, 6, 048.jpg, same, cat_same_pair2, 0.0053, 1, 0.5714
2, 5, 4, cat, 9, 1, 2@, 2@, 5, 070.jpg, same, cat_same_pair1_2back, 0.0073, 1, 0.4654
2, 5, 4, cat, 10, 1, 2@, 2@, 23, 058.jpg, singleton, cat_singleton, 0.0093, 1, 0.6150
2, 5, 4, cat, 11, 1, 1!, 1!, 3, 014.jpg, same, cat_same_pair1, 0.0113, 1, 0.5734
2, 5, 4, cat, 12, 1, 1!, 1!, 4, 034.jpg, same, cat_same_pair2, 0.0133, 1, 0.5554
2, 5, 4, cat, 13, 1, 1!, 1!, 18, 041.jpg, singleton, cat_singleton, 0.0153, 1, 0.6332
2, 5, 4, cat, 14, 1, 2@, 2@, 9, 056.jpg, different, cat_different_pair1, 0.0173, 1, 0.6072
2, 5, 4, cat, 15, 1, 1!, 1!, 18, 041.jpg, singleton, cat_singleton_2back, 0.0026, 1, 0.5099
2, 5, 4, cat, 16, 1, 1!, 1!, 10, 076.jpg, different, cat_different_pair2, 0.0046, 1, 0.5160
2, 5, 4, cat, 17, 1, 2@, 2@, 7, 027.jpg, same, cat_same_pair1, 0.0066, 1, 0.5697
2, 5, 4, cat, 18, 1, 2@, 2@, 8, 003.jpg, same, cat_same_pair2, 0.0086, 1, 0.5120
2, 5, 4, cat, 19, 1, 1!, 1!, 13, 018.jpg, different, cat_different_pair1, 0.0106, 1, 0.5341
2, 5, 4, cat, 20, 1, 2@, 2@, 14, 006.jpg, different, cat_different_pair2, 0.0126, 1, 0.5639
2, 5, 4, cat, 21, 1, 1!, 1!, 1, 019.jpg, same, cat_same_pair1, 0.0146, 1, 0.4257
2, 5, 4, cat, 22, 1, 1!, 2@, 14, 006.jpg, different, cat_different_pair2_2back, 0.0166, 0, 0.6081
2, 5, 4, cat, 23, 1, 1!, 1!, 2, 087.jpg, same, cat_same_pair2, 0.0019, 1, 0.5504
2, 5, 4, cat, 24, 1, 1!, 1!, 20, 042.jpg, singleton, cat_singleton, 0.0038, 1, 0.5965
2, 5, 4, cat, 25, 1, 1!, 1!, 2, 087.jpg, same, cat_same_pair2_2back, 0.0060, 1, 0.4828
2, 5, 4, cat, 26, 1, 1!, 1!, 15, 017.jpg, different, cat_different_pair1, 0.0079, 1, 0.4804
2, 5, 4, cat, 27, 1, 2@, 2@, 16, 050.jpg, different, cat_different_pair2, 0.0099, 1, 0.5664
2, 5, 4, cat, 28, 1, 1!, 1!, 15, 017.jpg, different, cat_different_pair1_2back, 0.0119, 1, 0.4846
2, 5, 4, cat, 29, 1, 2@, 2@, 11, 039.jpg, different, cat_different_pair1, 0.0138, 1, 0.4909
2, 5, 4, cat, 30, 1, 1!, 1!, 12, 033.jpg, different, cat_different_pair2, 0.0159, 1, 0.4966
2, 5, 5, nback, 1, 1, 1!, 1!, 45, 075.jpg, singleton, nback_singleton, 0.0121, 1, 0.3726
2, 5, 5, nback, 2, 1, 1!, 1!, 29, 060.jpg, same, nback_same_pair1, 0.0142, 1, 0.3784
2, 5, 5, nback, 3, 1, 1!, 1!, 30, 037.jpg, same, nback_same_pair2, 0.0162, 1, 0.7283
2, 5, 5, nback, 4, 1, 2@, 2@, 29, 060.jpg, same, nback_same_pair1_2back, 0.0015, 1, 0.4787
2, 5, 5, nback, 5, 1, 1!, 1!, 33, 062.jpg, different, nback_different_pair1, 0.0035, 1, 0.5409
2, 5, 5, nback, 6, 1, 1!, 1!, 34, 038.jpg, different, nback_different_pair2, 0.0054, 1, 0.4829
2, 5, 5, nback, 7, 1, 1!, 1!, 37, 093.jpg, different, nback_different_pair1, 0.0075, 1, 0.5850
2, 5, 5, nback, 8, 1, 2@, 2@, 34, 038.jpg, different, nback_different_pair2_2back, 0.0095, 1, 0.7911
2, 5, 5, nback, 9, 1, 1!, 1!, 38, 013.jpg, different, nback_different_pair2, 0.0115, 1, 0.5172
2, 5, 5, nback, 10, 1, 1!, 1!, 43, 044.jpg, singleton, nback_singleton, 0.0135, 1, 0.5152
2, 5, 5, nback, 11, 1, 2@, 2@, 38, 013.jpg, different, nback_different_pair2_2back, 0.0154, 1, 0.5851
2, 5, 5, nback, 12, 1, 1!, 1!, 46, 092.jpg, singleton, nback_singleton, 0.0175, 1, 0.4548
2, 5, 5, nback, 13, 1, 1!, 1!, 41, 065.jpg, singleton, nback_singleton, 0.0028, 1, 0.6778
2, 5, 5, nback, 14, 1, 2@, 2@, 46, 092.jpg, singleton, nback_singleton_2back, 0.0048, 1, 0.5876
2, 5, 5, nback, 15, 1, 1!, 1!, 35, 094.jpg, different, nback_different_pair1, 0.0068, 1, 0.4899
2, 5, 5, nback, 16, 1, 1!, 1!, 36, 043.jpg, different, nback_different_pair2, 0.0087, 1, 0.5039
2, 5, 5, nback, 17, 1, 1!, 1!, 42, 025.jpg, singleton, nback_singleton, 0.0108, 1, 0.5818
2, 5, 5, nback, 18, 1, 1!, 1!, 48, 012.jpg, singleton, nback_singleton, 0.0128, 1, 0.5637
2, 5, 5, nback, 19, 1, 1!, 1!, 27, 030.jpg, same, nback_same_pair1, 0.0148, 1, 0.5697
2, 5, 5, nback, 20, 0, , 2@, 48, 012.jpg, singleton, nback_singleton_2back, 0.0168, 0, -1.0000
2, 5, 5, nback, 21, 1, 2@, 1!, 28, 071.jpg, same, nback_same_pair2, 0.0020, 0, 0.5185
2, 5, 5, nback, 22, 1, 1!, 1!, 39, 081.jpg, different, nback_different_pair1, 0.0041, 1, 0.4204
2, 5, 5, nback, 23, 1, 1!, 1!, 40, 051.jpg, different, nback_different_pair2, 0.0061, 1, 0.4663
2, 5, 5, nback, 24, 1, 1!, 1!, 25, 059.jpg, same, nback_same_pair1, 0.0081, 1, 0.6084
2, 5, 5, nback, 25, 1, 1!, 1!, 26, 090.jpg, same, nback_same_pair2, 0.0101, 1, 0.5501
2, 5, 5, nback, 26, 1, 2@, 2@, 25, 059.jpg, same, nback_same_pair1_2back, 0.0119, 1, 0.6044
2, 5, 5, nback, 27, 1, 1!, 1!, 31, 011.jpg, same, nback_same_pair1, 0.0141, 1, 0.4421
2, 5, 5, nback, 28, 1, 1!, 1!, 32, 031.jpg, same, nback_same_pair2, 0.0161, 1, 0.4403
2, 5, 5, nback, 29, 1, 1!, 1!, 44, 080.jpg, singleton, nback_singleton, 0.0014, 1, 0.4392
2, 5, 5, nback, 30, 1, 1!, 1!, 47, 055.jpg, singleton, nback_singleton, 0.0034, 1, 0.6288
2, 5, 6, cat, 1, 1, 2@, 2@, 24, 067.jpg, singleton, cat_singleton, 0.0164, 1, 0.6560
2, 5, 6, cat, 2, 1, 2@, 2@, 11, 039.jpg, different, cat_different_pair1, 0.0016, 1, 0.4790
2, 5, 6, cat, 3, 1, 1!, 1!, 12, 033.jpg, different, cat_different_pair2, 0.0036, 1, 0.5169
2, 5, 6, cat, 4, 1, 1!, 1!, 20, 042.jpg, singleton, cat_singleton, 0.0057, 1, 0.5867
2, 5, 6, cat, 5, 1, 2@, 2@, 9, 056.jpg, different, cat_different_pair1, 0.0077, 1, 0.5367
2, 5, 6, cat, 6, 1, 1!, 1!, 10, 076.jpg, different, cat_different_pair2, 0.0098, 1, 0.4544
2, 5, 6, cat, 7, 1, 1!, 1!, 13, 018.jpg, different, cat_different_pair1, 0.0117, 1, 0.5084
2, 5, 6, cat, 8, 1, 1!, 1!, 10, 076.jpg, different, cat_different_pair2_2back, 0.0137, 1, 0.4347
2, 5, 6, cat, 9, 1, 2@, 2@, 14, 006.jpg, different, cat_different_pair2, 0.0157, 1, 0.6407
2, 5, 6, cat, 10, 1, 2@, 1!, 3, 014.jpg, same, cat_same_pair1, 0.0177, 0, 0.4787
2, 5, 6, cat, 11, 1, 1!, 1!, 4, 034.jpg, same, cat_same_pair2, 0.0030, 1, 0.5016
2, 5, 6, cat, 12, 1, 1!, 1!, 3, 014.jpg, same, cat_same_pair1_2back, 0.0049, 1, 0.6435
2, 5, 6, cat, 13, 1, 2@, 2@, 21, 078.jpg, singleton, cat_singleton, 0.0070, 1, 0.5695
2, 5, 6, cat, 14, 1, 1!, 1!, 18, 041.jpg, singleton, cat_singleton, 0.0090, 1, 0.4312
2, 5, 6, cat, 15, 1, 2@, 2@, 21, 078.jpg, singleton, cat_singleton_2back, 0.0110, 1, 0.4776
2, 5, 6, cat, 16, 1, 1!, 1!, 17, 063.jpg, singleton, cat_singleton, 0.0130, 1, 0.4995
2, 5, 6, cat, 17, 1, 2@, 2@, 23, 058.jpg, singleton, cat_singleton, 0.0150, 1, 0.4896
2, 5, 6, cat, 18, 1, 2@, 2@, 5, 070.jpg, same, cat_same_pair1, 0.0170, 1, 0.5032
2, 5, 6, cat, 19, 1, 2@, 2@, 6, 048.jpg, same, cat_same_pair2, 0.0023, 1, 0.5823
2, 5, 6, cat, 20, 1, 1!, 1!, 15, 017.jpg, different, cat_different_pair1, 0.0043, 1, 0.4442
2, 5, 6, cat, 21, 1, 2@, 2@, 16, 050.jpg, different, cat_different_pair2, 0.0063, 1, 0.6099
2, 5, 6, cat, 22, 1, 1!, 1!, 19, 073.jpg, singleton, cat_singleton, 0.0081, 1, 0.5842
2, 5, 6, cat, 23, 1, 2@, 2@, 16, 050.jpg, different, cat_different_pair2_2back, 0.0103, 1, 0.5261
2, 5, 6, cat, 24, 1, 1!, 1!, 19, 073.jpg, singleton, cat_singleton_2back, 0.0123, 1, 0.4681
2, 5, 6, cat, 25, 1, 2@, 2@, 7, 027.jpg, same, cat_same_pair1, 0.0143, 1, 0.5619
2, 5, 6, cat, 26, 1, 2@, 2@, 8, 003.jpg, same, cat_same_pair2, 0.0162, 1, 0.5124
2, 5, 6, cat, 27, 1, 2@, 2@, 7, 027.jpg, same, cat_same_pair1_2back, 0.0016, 1, 0.5745
2, 5, 6, cat, 28, 1, 2@, 2@, 22, 007.jpg, singleton, cat_singleton, 0.0036, 1, 0.5248
2, 5, 6, cat, 29, 1, 1!, 1!, 1, 019.jpg, same, cat_same_pair1, 0.0056, 1, 0.4748
2, 5, 6, cat, 30, 1, 1!, 1!, 2, 087.jpg, same, cat_same_pair2, 0.0076, 1, 0.5448
2, 5, 7, nback, 1, 1, 1!, 1!, 37, 093.jpg, different, nback_different_pair1, 0.0039, 1, 0.3886
2, 5, 7, nback, 2, 1, 1!, 1!, 38, 013.jpg, different, nback_different_pair2, 0.0059, 1, 0.4265
2, 5, 7, nback, 3, 1, 1!, 1!, 33, 062.jpg, different, nback_different_pair1, 0.0079, 1, 0.4087
2, 5, 7, nback, 4, 1, 1!, 1!, 34, 038.jpg, different, nback_different_pair2, 0.0099, 1, 0.4625
2, 5, 7, nback, 5, 1, 2@, 2@, 33, 062.jpg, different, nback_different_pair1_2back, 0.0119, 1, 0.5247
2, 5, 7, nback, 6, 1, 1!, 1!, 41, 065.jpg, singleton, nback_singleton, 0.0139, 1, 0.5142
2, 5, 7, nback, 7, 1, 1!, 1!, 35, 094.jpg, different, nback_different_pair1, 0.0159, 1, 0.3525
2, 5, 7, nback, 8, 1, 1!, 1!, 36, 043.jpg, different, nback_different_pair2, 0.0179, 1, 0.4146
2, 5, 7, nback, 9, 1, 2@, 2@, 35, 094.jpg, different, nback_different_pair1_2back, 0.0031, 1, 0.5815
2, 5, 7, nback, 10, 1, 1!, 1!, 46, 092.jpg, singleton, nback_singleton, 0.0052, 1, 0.4831
2, 5, 7, nback, 11, 1, 1!, 1!, 43, 044.jpg, singleton, nback_singleton, 0.0072, 1, 0.5052
2, 5, 7, nback, 12, 1, 1!, 1!, 25, 059.jpg, same, nback_same_pair1, 0.0092, 1, 0.6153
2, 5, 7, nback, 13, 1, 2@, 2@, 43, 044.jpg, singleton, nback_singleton_2back, 0.0112, 1, 0.4929
2, 5, 7, nback, 14, 1, 1!, 1!, 26, 090.jpg, same, nback_same_pair2, 0.0131, 1, 0.4112
2, 5, 7, nback, 15, 1, 1!, 1!, 27, 030.jpg, same, nback_same_pair1, 0.0152, 1, 0.4569
2, 5, 7, nback, 16, 1, 1!, 1!, 28, 071.jpg, same, nback_same_pair2, 0.0170, 1, 0.5034
2, 5, 7, nback, 17, 1, 1!, 1!, 29, 060.jpg, same, nback_same_pair1, 0.0025, 1, 0.5655
2, 5, 7, nback, 18, 1, 2@, 2@, 28, 071.jpg, same, nback_same_pair2_2back, 0.0045, 1, 0.3638
2, 5, 7, nback, 19, 1, 1!, 1!, 30, 037.jpg, same, nback_same_pair2, 0.0063, 1, 0.6101
2, 5, 7, nback, 20, 1, 1!, 1!, 47, 055.jpg, singleton, nback_singleton, 0.0085, 1, 0.4878
2, 5, 7, nback, 21, 1, 1!, 1!, 45, 075.jpg, singleton, nback_singleton, 0.0105, 1, 0.4541
2, 5, 7, nback, 22, 1, 1!, 1!, 39, 081.jpg, different, nback_different_pair1, 0.0125, 1, 0.4919
2, 5, 7, nback, 23, 1, 2@, 2@, 45, 075.jpg, singleton, nback_singleton_2back, 0.0145, 1, 0.7539
2, 5, 7, nback, 24, 1, 1!, 1!, 40, 051.jpg, different, nback_different_pair2, 0.0164, 1, 0.5277
2, 5, 7, nback, 25, 1, 1!, 1!, 42, 025.jpg, singleton, nback_singleton, 0.0018, 1, 0.5267
2, 5, 7, nback, 26, 1, 1!, 1!, 48, 012.jpg, singleton, nback_singleton, 0.0038, 1, 0.4763
2, 5, 7, nback, 27, 1, 1!, 1!, 31, 011.jpg, same, nback_same_pair1, 0.0058, 1, 0.5306
2, 5, 7, nback, 28, 1, 1!, 1!, 32, 031.jpg, same, nback_same_pair2, 0.0078, 1, 0.5443
2, 5, 7, nback, 29, 1, 1!, 1!, 44, 080.jpg, singleton, nback_singleton, 0.0098, 1, 0.6066
2, 5, 7, nback, 30, 1, 2@, 2@, 32, 031.jpg, same, nback_same_pair2_2back, 0.0118, 1, 0.4686
2, 5, 8, cat, 1, 1, 2@, 2@, 22, 007.jpg, singleton, cat_singleton, 0.0081, 1, 0.5441
2, 5, 8, cat, 2, 1, 1!, 1!, 20, 042.jpg, singleton, cat_singleton, 0.0101, 1, 0.5982
2, 5, 8, cat, 3, 1, 2@, 2@, 23, 058.jpg, singleton, cat_singleton, 0.0121, 1, 0.5323
2, 5, 8, cat, 4, 1, 2@, 2@, 24, 067.jpg, singleton, cat_singleton, 0.0141, 1, 0.4823
2, 5, 8, cat, 5, 1, 2@, 2@, 23, 058.jpg, singleton, cat_singleton_2back, 0.0161, 1, 0.4642
2, 5, 8, cat, 6, 1, 2@, 2@, 24, 067.jpg, singleton, cat_singleton_2back, 0.0014, 1, 0.5349
2, 5, 8, cat, 7, 1, 1!, 1!, 19, 073.jpg, singleton, cat_singleton, 0.0034, 1, 0.4931
2, 5, 8, cat, 8, 1, 2@, 2@, 7, 027.jpg, same, cat_same_pair1, 0.0054, 1, 0.4986
2, 5, 8, cat, 9, 1, 2@, 2@, 8, 003.jpg, same, cat_same_pair2, 0.0074, 1, 0.5049
2, 5, 8, cat, 10, 1, 2@, 2@, 11, 039.jpg, different, cat_different_pair1, 0.0094, 1, 0.4868
2, 5, 8, cat, 11, 1, 1!, 1!, 12, 033.jpg, different, cat_different_pair2, 0.0114, 1, 0.5090
2, 5, 8, cat, 12, 1, 2@, 2@, 11, 039.jpg, different, cat_different_pair1_2back, 0.0134, 1, 0.4990
2, 5, 8, cat, 13, 1, 1!, 1!, 13, 018.jpg, different, cat_different_pair1, 0.0154, 1, 0.4889
2, 5, 8, cat, 14, 1, 2@, 2@, 14, 006.jpg, different, cat_different_pair2, 0.0174, 1, 0.5510
2, 5, 8, cat, 15, 1, 1!, 1!, 13, 018.jpg, different, cat_different_pair1_2back, 0.0027, 1, 0.4616
2, 5, 8, cat, 16, 1, 2@, 2@, 5, 070.jpg, same, cat_same_pair1, 0.0047, 1, 0.5157
2, 5, 8, cat, 17, 1, 2@, 2@, 6, 048.jpg, same, cat_same_pair2, 0.0067, 1, 0.5056
2, 5, 8, cat, 18, 1, 1!, 1!, 1, 019.jpg, same, cat_same_pair1, 0.0087, 1, 0.4793
2, 5, 8, cat, 19, 1, 2@, 2@, 6, 048.jpg, same, cat_same_pair2_2back, 0.0107, 1, 0.4378
2, 5, 8, cat, 20, 1, 1!, 1!, 2, 087.jpg, same, cat_same_pair2, 0.0127, 1, 0.5158
2, 5, 8, cat, 21, 1, 1!, 1!, 17, 063.jpg, singleton, cat_singleton, 0.0147, 1, 0.4576
2, 5, 8, cat, 22, 1, 1!, 1!, 3, 014.jpg, same, cat_same_pair1, 0.0167, 1, 0.7833
2, 5, 8, cat, 23, 1, 1!, 1!, 4, 034.jpg, same, cat_same_pair2, 0.0020, 1, 0.5422
2, 5, 8, cat, 24, 1, 1!, 1!, 15, 017.jpg, different, cat_different_pair1, 0.0040, 1, 0.4602
2, 5, 8, cat, 25, 1, 1!, 1!, 4, 034.jpg, same, cat_same_pair2_2back, 0.0060, 1, 0.4743
2, 5, 8, cat, 26, 1, 2@, 2@, 16, 050.jpg, different, cat_different_pair2, 0.0080, 1, 0.5440
2, 5, 8, cat, 27, 1, 2@, 2@, 9, 056.jpg, different, cat_different_pair1, 0.0100, 1, 0.6460
2, 5, 8, cat, 28, 1, 1!, 1!, 10, 076.jpg, different, cat_different_pair2, 0.0119, 1, 0.5004
2, 5, 8, cat, 29, 1, 2@, 2@, 21, 078.jpg, singleton, cat_singleton, 0.0140, 1, 0.5060
2, 5, 8, cat, 30, 1, 1!, 1!, 18, 041.jpg, singleton, cat_singleton, 0.0160, 1, 0.4320
