2, 4, 1, cat, 1, 1, 1!, 1!, 15, 017.jpg, different, cat_different_pair1, 0.0123, 1, 0.6309
2, 4, 1, cat, 2, 1, 2@, 2@, 16, 050.jpg, different, cat_different_pair2, 0.0143, 1, 0.6526
2, 4, 1, cat, 3, 1, 1!, 1!, 1, 019.jpg, same, cat_same_pair1, 0.0163, 1, 0.4590
2, 4, 1, cat, 4, 1, 1!, 1!, 2, 087.jpg, same, cat_same_pair2, 0.0016, 1, 0.4897
2, 4, 1, cat, 5, 1, 1!, 1!, 1, 019.jpg, same, cat_same_pair1_2back, 0.0036, 1, 0.4636
2, 4, 1, cat, 6, 1, 2@, 2@, 7, 027.jpg, same, cat_same_pair1, 0.0056, 1, 0.5815
2, 4, 1, cat, 7, 1, 2@, 2@, 8, 003.jpg, same, cat_same_pair2, 0.0076, 1, 0.4837
2, 4, 1, cat, 8, 1, 2@, 2@, 9, 056.jpg, different, cat_different_pair1, 0.0096, 1, 0.7776
2, 4, 1, cat, 9, 1, 1!, 1!, 10, 076.jpg, different, cat_different_pair2, 0.0116, 1, 0.4876
2, 4, 1, cat, 10, 1, 2@, 2@, 24, 067.jpg, singleton, cat_singleton, 0.0136, 1, 0.5736
2, 4, 1, cat, 11, 1, 1!, 1!, 19, 073.jpg, singleton, cat_singleton, 0.0156, 1, 0.5076
2, 4, 1, cat, 12, 1, 1!, 1!, 13, 018.jpg, different, cat_different_pair1, 0.0176, 1, 0.5855
2, 4, 1, cat, 13, 1, 1!, 2@, 14, 006.jpg, different, cat_different_pair2, 0.0029, 0, 0.7203
2, 4, 1, cat, 14, 1, 1!, 1!, 17, 063.jpg, singleton, cat_singleton, 0.0049, 1, 0.4785
2, 4, 1, cat, 15, 1, 2@, 2@, 14, 006.jpg, different, cat_different_pair2_2back, 0.0069, 1, 0.5963
2, 4, 1, cat, 16, 1, 2@, 2@, 11, 039.jpg, different, cat_different_pair1, 0.0089, 1, 0.5540
2, 4, 1, cat, 17, 1, 1!, 1!, 12, 033.jpg, different, cat_different_pair2, 0.0109, 1, 0.5365
2, 4, 1, cat, 18, 1, 2@, 2@, 23, 058.jpg, singleton, cat_singleton, 0.0129, 1, 0.5983
2, 4, 1, cat, 19, 1, 2@, 2@, 5, 070.jpg, same, cat_same_pair1, 0.0149, 1, 0.5879
2, 4, 1, cat, 20, 1, 2@, 2@, 6, 048.jpg, same, cat_same_pair2, 0.0169, 1, 0.7303
2, 4, 1, cat, 21, 1, 1!, 1!, 18, 041.jpg, singleton, cat_singleton, 0.0022, 1, 0.6970
2, 4, 1, cat, 22, 1, 2@, 2@, 6, 048.jpg, same, cat_same_pair2_2back, 0.0042, 1, 0.5271
2, 4, 1, cat, 23, 1, 1!, 1!, 18, 041.jpg, singleton, cat_singleton_2back, 0.0062, 1, 0.5490
2, 4, 1, cat, 24, 1, 2@, 2@, 22, 007.jpg, singleton, cat_singleton, 0.0082, 1, 0.5390
2, 4, 1, cat, 25, 1, 1!, 2@, 21, 078.jpg, singleton, cat_singleton, 0.0102, 0, 0.6649
2, 4, 1, cat, 26, 1, 1!, 1!, 3, 014.jpg, same, cat_same_pair1, 0.0122, 1, 0.7027
2, 4, 1, cat, 27, 1, 2@, 2@, 21, 078.jpg, singleton, cat_singleton_2back, 0.0142, 1, 0.4690
2, 4, 1, cat, 28, 1, 1!, 1!, 3, 014.jpg, same, cat_same_pair1_2back, 0.0162, 1, 0.5547
2, 4, 1, cat, 29, 1, 1!, 1!, 4, 034.jpg, same, cat_same_pair2, 0.0016, 1, 0.5137
2, 4, 1, cat, 30, 1, 1!, 1!, 20, 042.jpg, singleton, cat_singleton, 0.0035, 1, 0.6153
2, 4, 2, nback, 1, 1, 1!, 1!, 45, 075.jpg, singleton, nback_singleton, 0.0164, 1, 0.6667
2, 4, 2, nback, 2, 1, 1!, 1!, 41, 065.jpg, singleton, nback_singleton, 0.0018, 1, 0.5294
2, 4, 2, nback, 3, 1, 1!, 1!, 27, 030.jpg, same, nback_same_pair1, 0.0038, 1, 0.5434
2, 4, 2, nback, 4, 1, 1!, 1!, 28, 071.jpg, same, nback_same_pair2, 0.0058, 1, 0.5251
2, 4, 2, nback, 5, 1, 2@, 2@, 27, 030.jpg, same, nback_same_pair1_2back, 0.0078, 1, 0.5954
2, 4, 2, nback, 6, 1, 1!, 1!, 47, 055.jpg, singleton, nback_singleton, 0.0098, 1, 0.4414
2, 4, 2, nback, 7, 1, 1!, 1!, 43, 044.jpg, singleton, nback_singleton, 0.0118, 1, 0.4954
2, 4, 2, nback, 8, 1, 1!, 1!, 37, 093.jpg, different, nback_different_pair1, 0.0138, 1, 0.6133
2, 4, 2, nback, 9, 1, 1!, 2@, 43, 044.jpg, singleton, nback_singleton_2back, 0.0158, 0, 0.5150
2, 4, 2, nback, 10, 1, 1!, 1!, 38, 013.jpg, different, nback_different_pair2, 0.0178, 1, 0.5133
2, 4, 2, nback, 11, 1, 2@, 1!, 48, 012.jpg, singleton, nback_singleton, 0.0031, 0, 0.5597
2, 4, 2, nback, 12, 1, 1!, 2@, 38, 013.jpg, different, nback_different_pair2_2back, 0.0051, 0, 0.4780
2, 4, 2, nback, 13, 1, 1!, 1!, 35, 094.jpg, different, nback_different_pair1, 0.0071, 1, 0.5239
2, 4, 2, nback, 14, 1, 1!, 1!, 36, 043.jpg, different, nback_different_pair2, 0.0091, 1, 0.4420
2, 4, 2, nback, 15, 1, 1!, 1!, 39, 081.jpg, different, nback_different_pair1, 0.0111, 1, 0.4481
2, 4, 2, nback, 16, 1, 1!, 1!, 40, 051.jpg, different, nback_different_pair2, 0.0131, 1, 0.5740
2, 4, 2, nback, 17, 1, 1!, 1!, 33, 062.jpg, different, nback_different_pair1, 0.0151, 1, 0.6041
2, 4, 2, nback, 18, 1, 2@, 2@, 40, 051.jpg, different, nback_different_pair2_2back, 0.0171, 1, 0.3622
2, 4, 2, nback, 19, 1, 1!, 1!, 34, 038.jpg, different, nback_different_pair2, 0.0024, 1, 0.4006
2, 4, 2, nback, 20, 1, 1!, 1!, 42, 025.jpg, singleton, nback_singleton, 0.0044, 1, 0.4787
2, 4, 2, nback, 21, 1, 1!, 1!, 29, 060.jpg, same, nback_same_pair1, 0.0064, 1, 0.4126
2, 4, 2, nback, 22, 1, 2@, 2@, 42, 025.jpg, singleton, nback_singleton_2back, 0.0084, 1, 0.4588
2, 4, 2, nback, 23, 1, 1!, 1!, 30, 037.jpg, same, nback_same_pair2, 0.0104, 1, 0.5288
2, 4, 2, nback, 24, 1, 1!, 1!, 31, 011.jpg, same, nback_same_pair1, 0.0124, 1, 0.5026
2, 4, 2, nback, 25, 1, 1!, 1!, 32, 031.jpg, same, nback_same_pair2, 0.0144, 1, 0.4926
2, 4, 2, nback, 26, 1, 2@, 2@, 31, 011.jpg, same, nback_same_pair1_2back, 0.0164, 1, 0.3787
2, 4, 2, nback, 27, 1, 1!, 1!, 46, 092.jpg, singleton, nback_singleton, 0.0016, 1, 0.5217
2, 4, 2, nback, 28, 1, 1!, 1!, 25, 059.jpg, same, nback_same_pair1, 0.0037, 1, 0.4233
2, 4, 2, nback, 29, 1, 1!, 1!, 26, 090.jpg, same, nback_same_pair2, 0.0057, 1, 0.5491
2, 4, 2, nback, 30, 1, 1!, 1!, 44, 080.jpg, singleton, nback_singleton, 0.0077, 1, 0.6195
2, 4, 3, cat, 1, 1, 1!, 1!, 20, 042.jpg, singleton, cat_singleton, 0.0040, 1, 0.9031
2, 4, 3, cat, 2, 1, 1!, 1!, 19, 073.jpg, singleton, cat_singleton, 0.0060, 1, 0.5011
2, 4, 3, cat, 3, 1, 1!, 1!, 20, 042.jpg, singleton, cat_singleton_2back, 0.0080, 1, 0.5231
2, 4, 3, cat, 4, 1, 1!, 1!, 19, 073.jpg, singleton, cat_singleton_2back, 0.0099, 1, 0.4332
2, 4, 3, cat, 5, 1, 1!, 1!, 15, 017.jpg, different, cat_different_pair1, 0.0120, 1, 0.4790
2, 4, 3, cat, 6, 1, 2@, 2@, 16, 050.jpg, different, cat_different_pair2, 0.0140, 1, 0.7648
2, 4, 3, cat, 7, 1, 2@, 2@, 24, 067.jpg, singleton, cat_singleton, 0.0160, 1, 0.4833
2, 4, 3, cat, 8, 1, 1!, 2@, 9, 056.jpg, different, cat_different_pair1, 0.0013, 0, 0.6338
2, 4, 3, cat, 9, 1, 1!, 1!, 10, 076.jpg, different, cat_different_pair2, 0.0033, 1, 0.5357
2, 4, 3, cat, 10, 1, 2@, 2@, 9, 056.jpg, different, cat_different_pair1_2back, 0.0053, 1, 0.6055
2, 4, 3, cat, 11, 1, 2@, 2@, 23, 058.jpg, singleton, cat_singleton, 0.0073, 1, 0.6598
2, 4, 3, cat, 12, 1, 2@, 2@, 21, 078.jpg, singleton, cat_singleton, 0.0093, 1, 0.6738
2, 4, 3, cat, 13, 1, 2@, 2@, 7, 027.jpg, same, cat_same_pair1, 0.0113, 1, 0.6397
2, 4, 3, cat, 14, 1, 2@, 2@, 8, 003.jpg, same, cat_same_pair2, 0.0133, 1, 0.5339
2, 4, 3, cat, 15, 1, 1!, 1!, 3, 014.jpg, same, cat_same_pair1, 0.0153, 1, 0.5635
2, 4, 3, cat, 16, 1, 1!, 1!, 4, 034.jpg, same, cat_same_pair2, 0.0173, 1, 0.5298
2, 4, 3, cat, 17, 1, 2@, 2@, 11, 039.jpg, different, cat_different_pair1, 0.0026, 1, 0.5846
2, 4, 3, cat, 18, 1, 1!, 1!, 4, 034.jpg, same, cat_same_pair2_2back, 0.0046, 1, 0.5585
2, 4, 3, cat, 19, 1, 1!, 1!, 12, 033.jpg, different, cat_different_pair2, 0.0066, 1, 0.5805
2, 4, 3, cat, 20, 1, 1!, 1!, 17, 063.jpg, singleton, cat_singleton, 0.0086, 1, 0.5461
2, 4, 3, cat, 21, 1, 1!, 1!, 12, 033.jpg, different, cat_different_pair2_2back, 0.0106, 1, 0.4645
2, 4, 3, cat, 22, 1, 1!, 1!, 13, 018.jpg, different, cat_different_pair1, 0.0126, 1, 0.5744
2, 4, 3, cat, 23, 1, 2@, 2@, 14, 006.jpg, different, cat_different_pair2, 0.0146, 1, 0.6605
2, 4, 3, cat, 24, 1, 1!, 1!, 13, 018.jpg, different, cat_different_pair1_2back, 0.0166, 1, 0.5466
2, 4, 3, cat, 25, 1, 1!, 1!, 1, 019.jpg, same, cat_same_pair1, 0.0019, 1, 0.4972
2, 4, 3, cat, 26, 1, 1!, 1!, 2, 087.jpg, same, cat_same_pair2, 0.0039, 1, 0.5111
2, 4, 3, cat, 27, 1, 2@, 2@, 5, 070.jpg, same, cat_same_pair1, 0.0059, 1, 0.5008
2, 4, 3, cat, 28, 1, 2@, 2@, 6, 048.jpg, same, cat_same_pair2, 0.0079, 1, 0.6111
2, 4, 3, cat, 29, 1, 1!, 1!, 18, 041.jpg, singleton, cat_singleton, 0.0099, 1, 0.5131
2, 4, 3, cat, 30, 1, 2@, 2@, 22, 007.jpg, singleton, cat_singleton, 0.0119, 1, 0.4949
2, 4, 4, nback, 1, 1, 1!, 1!, 45, 075.jpg, singleton, nback_singleton, 0.0082, 1, 0.8429
2, 4, 4, nback, 2, 1, 1!, 1!, 44, 080.jpg, singleton, nback_singleton, 0.0101, 1, 0.4569
2, 4, 4, nback, 3, 1, 1!, 1!, 39, 081.jpg, different, nback_different_pair1, 0.0122, 1, 0.5109
2, 4, 4, nback, 4, 1, 2@, 2@, 44, 080.jpg, singleton, nback_singleton_2back, 0.0142, 1, 0.4925
2, 4, 4, nback, 5, 1, 1!, 1!, 40, 051.jpg, different, nback_different_pair2, 0.0162, 1, 0.5228
2, 4, 4, nback, 6, 1, 1!, 1!, 27, 030.jpg, same, nback_same_pair1, 0.0015, 1, 0.7135
2, 4, 4, nback, 7, 1, 1!, 1!, 28, 071.jpg, same, nback_same_pair2, 0.0035, 1, 0.5756
2, 4, 4, nback, 8, 1, 1!, 1!, 37, 093.jpg, different, nback_different_pair1, 0.0055, 1, 0.5812
2, 4, 4, nback, 9, 1, 2@, 2@, 28, 071.jpg, same, nback_same_pair2_2back, 0.0075, 1, 0.3792
2, 4, 4, nback, 10, 1, 1!, 1!, 38, 013.jpg, different, nback_different_pair2, 0.0095, 1, 0.5135
2, 4, 4, nback, 11, 1, 1!, 1!, 33, 062.jpg, different, nback_different_pair1, 0.0115, 1, 0.6151
2, 4, 4, nback, 12, 1, 1!, 1!, 34, 038.jpg, different, nback_different_pair2, 0.0135, 1, 0.6135
2, 4, 4, nback, 13, 1, 2@, 2@, 33, 062.jpg, different, nback_different_pair1_2back, 0.0155, 1, 0.6516
2, 4, 4, nback, 14, 1, 1!, 1!, 41, 065.jpg, singleton, nback_singleton, 0.0175, 1, 0.6096
2, 4, 4, nback, 15, 1, 1!, 1!, 35, 094.jpg, different, nback_different_pair1, 0.0028, 1, 0.5761
2, 4, 4, nback, 16, 1, 2@, 2@, 41, 065.jpg, singleton, nback_singleton_2back, 0.0047, 1, 0.5181
2, 4, 4, nback, 17, 1, 2@, 2@, 35, 094.jpg, different, nback_different_pair1_2back, 0.0068, 1, 0.5879
2, 4, 4, nback, 18, 1, 1!, 1!, 36, 043.jpg, different, nback_different_pair2, 0.0088, 1, 0.3059
2, 4, 4, nback, 19, 1, 1!, 1!, 31, 011.jpg, same, nback_same_pair1, 0.0108, 1, 0.7522
2, 4, 4, nback, 20, 1, 1!, 1!, 32, 031.jpg, same, nback_same_pair2, 0.0128, 1, 0.6381
2, 4, 4, nback, 21, 1, 1!, 1!, 29, 060.jpg, same, nback_same_pair1, 0.0147, 1, 0.5890
2, 4, 4, nback, 22, 1, 2@, 2@, 32, 031.jpg, same, nback_same_pair2_2back, 0.0165, 1, 0.6584
2, 4, 4, nback, 23, 1, 1!, 1!, 30, 037.jpg, same, nback_same_pair2, 0.0021, 1, 0.4329
2, 4, 4, nback, 24, 1, 1!, 1!, 48, 012.jpg, singleton, nback_singleton, 0.0041, 1, 0.4390
2, 4, 4, nback, 25, 1, 1!, 1!, 47, 055.jpg, singleton, nback_singleton, 0.0061, 1, 0.5410
2, 4, 4, nback, 26, 1, 1!, 1!, 46, 092.jpg, singleton, nback_singleton, 0.0081, 1, 0.5469
2, 4, 4, nback, 27, 1, 1!, 1!, 25, 059.jpg, same, nback_same_pair1, 0.0101, 1, 0.7848
2, 4, 4, nback, 28, 1, 2@, 1!, 26, 090.jpg, same, nback_same_pair2, 0.0121, 0, 0.7750
2, 4, 4, nback, 29, 1, 1!, 1!, 43, 044.jpg, singleton, nback_singleton, 0.0141, 1, 0.5569
2, 4, 4, nback, 30, 1, 1!, 1!, 42, 025.jpg, singleton, nback_singleton, 0.0161, 1, 0.5869
2, 4, 5, cat, 1, 1, 1!, 1!, 13, 018.jpg, different, cat_different_pair1, 0.0124, 1, 0.5903
2, 4, 5, cat, 2, 1, 1!, 2@, 14, 006.jpg, different, cat_different_pair2, 0.0144, 0, 0.7647
2, 4, 5, cat, 3, 1, 2@, 2@, 11, 039.jpg, different, cat_different_pair1, 0.0164, 1, 0.5146
2, 4, 5, cat, 4, 1, 1!, 1!, 12, 033.jpg, different, cat_different_pair2, 0.0017, 1, 0.5533
2, 4, 5, cat, 5, 1, 2@, 2@, 24, 067.jpg, singleton, cat_singleton, 0.0036, 1, 0.5353
2, 4, 5, cat, 6, 1, 1!, 1!, 20, 042.jpg, singleton, cat_singleton, 0.0057, 1, 0.5809
2, 4, 5, cat, 7, 1, 2@, 2@, 24, 067.jpg, singleton, cat_singleton_2back, 0.0077, 1, 0.5312
2, 4, 5, cat, 8, 1, 1!, 1!, 3, 014.jpg, same, cat_same_pair1, 0.0097, 1, 0.6089
2, 4, 5, cat, 9, 1, 1!, 1!, 4, 034.jpg, same, cat_same_pair2, 0.0117, 1, 0.5513
2, 4, 5, cat, 10, 1, 2@, 2@, 21, 078.jpg, singleton, cat_singleton, 0.0137, 1, 0.5253
2, 4, 5, cat, 11, 1, 2@, 2@, 22, 007.jpg, singleton, cat_singleton, 0.0157, 1, 0.4432
2, 4, 5, cat, 12, 1, 1!, 1!, 1, 019.jpg, same, cat_same_pair1, 0.0177, 1, 0.4969
2, 4, 5, cat, 13, 1, 2@, 2@, 22, 007.jpg, singleton, cat_singleton_2back, 0.0030, 1, 0.5281
2, 4, 5, cat, 14, 1, 1!, 1!, 2, 087.jpg, same, cat_same_pair2, 0.0050, 1, 0.4861
2, 4, 5, cat, 15, 1, 1!, 1!, 18, 041.jpg, singleton, cat_singleton, 0.0068, 1, 0.5481
2, 4, 5, cat, 16, 1, 1!, 1!, 2, 087.jpg, same, cat_same_pair2_2back, 0.0090, 1, 0.5299
2, 4, 5, cat, 17, 1, 2@, 2@, 23, 058.jpg, singleton, cat_singleton, 0.0110, 1, 0.5360
2, 4, 5, cat, 18, 1, 1!, 1!, 17, 063.jpg, singleton, cat_singleton, 0.0130, 1, 0.6221
2, 4, 5, cat, 19, 1, 2@, 2@, 9, 056.jpg, different, cat_different_pair1, 0.0150, 1, 0.5240
2, 4, 5, cat, 20, 1, 1!, 1!, 10, 076.jpg, different, cat_different_pair2, 0.0170, 1, 0.5456
2, 4, 5, cat, 21, 1, 2@, 2@, 7, 027.jpg, same, cat_same_pair1, 0.0023, 1, 0.6563
2, 4, 5, cat, 22, 1, 1!, 1!, 10, 076.jpg, different, cat_different_pair2_2back, 0.0043, 1, 0.6467
2, 4, 5, cat, 23, 1, 2@, 2@, 7, 027.jpg, same, cat_same_pair1_2back, 0.0061, 1, 0.5568
2, 4, 5, cat, 24, 1, 2@, 2@, 8, 003.jpg, same, cat_same_pair2, 0.0083, 1, 0.5547
2, 4, 5, cat, 25, 1, 1!, 1!, 15, 017.jpg, different, cat_different_pair1, 0.0103, 1, 0.5046
2, 4, 5, cat, 26, 1, 1!, 2@, 16, 050.jpg, different, cat_different_pair2, 0.0123, 0, 0.8303
2, 4, 5, cat, 27, 1, 1!, 1!, 15, 017.jpg, different, cat_different_pair1_2back, 0.0143, 1, 0.5007
2, 4, 5, cat, 28, 1, 2@, 2@, 5, 070.jpg, same, cat_same_pair1, 0.0163, 1, 0.4663
2, 4, 5, cat, 29, 1, 2@, 2@, 6, 048.jpg, same, cat_same_pair2, 0.0016, 1, 0.5453
2, 4, 5, cat, 30, 1, 1!, 1!, 19, 073.jpg, singleton, cat_singleton, 0.0035, 1, 0.5354
2, 4, 6, nback, 1, 1, 1!, 1!, 35, 094.jpg, different, nback_different_pair1, 0.0166, 1, 0.6503
2, 4, 6, nback, 2, 1, 1!, 1!, 36, 043.jpg, different, nback_different_pair2, 0.0019, 1, 0.4486
2, 4, 6, nback, 3, 1, 1!, 1!, 41, 065.jpg, singleton, nback_singleton, 0.0039, 1, 0.6470
2, 4, 6, nback, 4, 1, 1!, 1!, 45, 075.jpg, singleton, nback_singleton, 0.0059, 1, 0.5166
2, 4, 6, nback, 5, 1, 1!, 1!, 39, 081.jpg, different, nback_different_pair1, 0.0079, 1, 0.4590
2, 4, 6, nback, 6, 1, 2@, 2@, 45, 075.jpg, singleton, nback_singleton_2back, 0.0099, 1, 0.4169
2, 4, 6, nback, 7, 1, 1!, 1!, 40, 051.jpg, different, nback_different_pair2, 0.0119, 1, 0.6550
2, 4, 6, nback, 8, 1, 1!, 1!, 25, 059.jpg, same, nback_same_pair1, 0.0139, 1, 0.5810
2, 4, 6, nback, 9, 1, 1!, 1!, 26, 090.jpg, same, nback_same_pair2, 0.0159, 1, 0.6746
2, 4, 6, nback, 10, 1, 1!, 1!, 37, 093.jpg, different, nback_different_pair1, 0.0179, 1, 0.4890
2, 4, 6, nback, 11, 1, 1!, 2@, 26, 090.jpg, same, nback_same_pair2_2back, 0.0032, 0, 0.5114
2, 4, 6, nback, 12, 1, 2@, 2@, 37, 093.jpg, different, nback_different_pair1_2back, 0.0052, 1, 0.4935
2, 4, 6, nback, 13, 1, 1!, 1!, 38, 013.jpg, different, nback_different_pair2, 0.0072, 1, 0.3636
2, 4, 6, nback, 14, 1, 1!, 1!, 31, 011.jpg, same, nback_same_pair1, 0.0092, 1, 0.6658
2, 4, 6, nback, 15, 1, 1!, 1!, 32, 031.jpg, same, nback_same_pair2, 0.0112, 1, 0.6797
2, 4, 6, nback, 16, 1, 1!, 1!, 42, 025.jpg, singleton, nback_singleton, 0.0132, 1, 0.5975
2, 4, 6, nback, 17, 1, 1!, 1!, 29, 060.jpg, same, nback_same_pair1, 0.0152, 1, 0.4993
2, 4, 6, nback, 18, 1, 1!, 1!, 30, 037.jpg, same, nback_same_pair2, 0.0172, 1, 0.4973
2, 4, 6, nback, 19, 1, 2@, 2@, 29, 060.jpg, same, nback_same_pair1_2back, 0.0025, 1, 0.4880
2, 4, 6, nback, 20, 1, 1!, 1!, 27, 030.jpg, same, nback_same_pair1, 0.0045, 1, 0.4703
2, 4, 6, nback, 21, 1, 1!, 1!, 28, 071.jpg, same, nback_same_pair2, 0.0065, 1, 0.6522
2, 4, 6, nback, 22, 1, 1!, 1!, 33, 062.jpg, different, nback_different_pair1, 0.0085, 1, 0.4983
2, 4, 6, nback, 23, 1, 1!, 1!, 34, 038.jpg, different, nback_different_pair2, 0.0105, 1, 0.5282
2, 4, 6, nback, 24, 1, 1!, 1!, 47, 055.jpg, singleton, nback_singleton, 0.0125, 1, 0.5660
2, 4, 6, nback, 25, 1, 2@, 2@, 34, 038.jpg, different, nback_different_pair2_2back, 0.0145, 1, 0.4763
2, 4, 6, nback, 26, 1, 2@, 2@, 47, 055.jpg, singleton, nback_singleton_2back, 0.0165, 1, 0.4984
2, 4, 6, nback, 27, 1, 1!, 1!, 48, 012.jpg, singleton, nback_singleton, 0.0018, 1, 0.4571
2, 4, 6, nback, 28, 1, 1!, 1!, 44, 080.jpg, singleton, nback_singleton, 0.0038, 1, 0.4230
2, 4, 6, nback, 29, 1, 1!, 1!, 46, 092.jpg, singleton, nback_singleton, 0.0058, 1, 0.5330
2, 4, 6, nback, 30, 1, 1!, 1!, 43, 044.jpg, singleton, nback_singleton, 0.0078, 1, 0.5392
2, 4, 7, cat, 1, 1, 1!, 1!, 15, 017.jpg, different, cat_different_pair1, 0.0041, 1, 0.5827
2, 4, 7, cat, 2, 1, 2@, 2@, 16, 050.jpg, different, cat_different_pair2, 0.0061, 1, 0.6207
2, 4, 7, cat, 3, 1, 2@, 2@, 5, 070.jpg, same, cat_same_pair1, 0.0081, 1, 0.4826
2, 4, 7, cat, 4, 1, 2@, 2@, 16, 050.jpg, different, cat_different_pair2_2back, 0.0101, 1, 0.5687
2, 4, 7, cat, 5, 1, 2@, 2@, 5, 070.jpg, same, cat_same_pair1_2back, 0.0121, 1, 0.5028
2, 4, 7, cat, 6, 1, 2@, 2@, 6, 048.jpg, same, cat_same_pair2, 0.0141, 1, 0.5727
2, 4, 7, cat, 7, 1, 2@, 2@, 21, 078.jpg, singleton, cat_singleton, 0.0161, 1, 0.4744
2, 4, 7, cat, 8, 1, 1!, 1!, 19, 073.jpg, singleton, cat_singleton, 0.0014, 1, 0.4893
2, 4, 7, cat, 9, 1, 2@, 2@, 7, 027.jpg, same, cat_same_pair1, 0.0034, 1, 0.6073
2, 4, 7, cat, 10, 1, 2@, 2@, 8, 003.jpg, same, cat_same_pair2, 0.0053, 1, 0.5016
2, 4, 7, cat, 11, 1, 1!, 1!, 17, 063.jpg, singleton, cat_singleton, 0.0074, 1, 0.4674
2, 4, 7, cat, 12, 1, 2@, 2@, 8, 003.jpg, same, cat_same_pair2_2back, 0.0094, 1, 0.4174
2, 4, 7, cat, 13, 1, 1!, 1!, 17, 063.jpg, singleton, cat_singleton_2back, 0.0114, 1, 0.4234
2, 4, 7, cat, 14, 1, 1!, 1!, 20, 042.jpg, singleton, cat_singleton, 0.0134, 1, 0.6376
2, 4, 7, cat, 15, 1, 2@, 2@, 22, 007.jpg, singleton, cat_singleton, 0.0153, 1, 0.5075
2, 4, 7, cat, 16, 1, 2@, 2@, 23, 058.jpg, singleton, cat_singleton, 0.0174, 1, 0.5615
2, 4, 7, cat, 17, 1, 1!, 1!, 13, 018.jpg, different, cat_different_pair1, 0.0027, 1, 0.5282
2, 4, 7, cat, 18, 1, 2@, 2@, 23, 058.jpg, singleton, cat_singleton_2back, 0.0047, 1, 0.5177
2, 4, 7, cat, 19, 1, 1!, 2@, 14, 006.jpg, different, cat_different_pair2, 0.0067, 0, 0.4922
2, 4, 7, cat, 20, 1, 2@, 2@, 9, 056.jpg, different, cat_different_pair1, 0.0085, 1, 0.5782
2, 4, 7, cat, 21, 1, 1!, 1!, 10, 076.jpg, different, cat_different_pair2, 0.0107, 1, 0.5440
2, 4, 7, cat, 22, 1, 1!, 1!, 1, 019.jpg, same, cat_same_pair1, 0.0127, 1, 0.4302
2, 4, 7, cat, 23, 1, 1!, 1!, 2, 087.jpg, same, cat_same_pair2, 0.0147, 1, 0.5160
2, 4, 7, cat, 24, 1, 2@, 1!, 3, 014.jpg, same, cat_same_pair1, 0.0167, 0, 0.6980
2, 4, 7, cat, 25, 1, 1!, 1!, 4, 034.jpg, same, cat_same_pair2, 0.0019, 1, 0.5688
2, 4, 7, cat, 26, 1, 1!, 1!, 18, 041.jpg, singleton, cat_singleton, 0.0040, 1, 0.5428
2, 4, 7, cat, 27, 1, 2@, 2@, 11, 039.jpg, different, cat_different_pair1, 0.0060, 1, 0.5087
2, 4, 7, cat, 28, 1, 1!, 1!, 12, 033.jpg, different, cat_different_pair2, 0.0080, 1, 0.4984
2, 4, 7, cat, 29, 1, 2@, 2@, 11, 039.jpg, different, cat_different_pair1_2back, 0.0100, 1, 0.4889
2, 4, 7, cat, 30, 1, 2@, 2@, 24, 067.jpg, singleton, cat_singleton, 0.0119, 1, 0.5347
2, 4, 8, nback, 1, 1, 1!, 1!, 33, 062.jpg, different, nback_different_pair1, 0.0083, 1, 0.7702
2, 4, 8, nback, 2, 1, 1!, 1!, 34, 038.jpg, different, nback_different_pair2, 0.0103, 1, 0.4405
2, 4, 8, nback, 3, 1, 1!, 1!, 39, 081.jpg, different, nback_different_pair1, 0.0123, 1, 0.4786
2, 4, 8, nback, 4, 1, 1!, 1!, 40, 051.jpg, different, nback_different_pair2, 0.0141, 1, 0.5326
2, 4, 8, nback, 5, 1, 2@, 2@, 39, 081.jpg, different, nback_different_pair1_2back, 0.0163, 1, 0.6101
2, 4, 8, nback, 6, 1, 1!, 1!, 31, 011.jpg, same, nback_same_pair1, 0.0016, 1, 0.4091
2, 4, 8, nback, 7, 1, 1!, 1!, 32, 031.jpg, same, nback_same_pair2, 0.0036, 1, 0.4068
2, 4, 8, nback, 8, 1, 1!, 1!, 37, 093.jpg, different, nback_different_pair1, 0.0056, 1, 0.7411
2, 4, 8, nback, 9, 1, 1!, 1!, 38, 013.jpg, different, nback_different_pair2, 0.0076, 1, 0.5953
2, 4, 8, nback, 10, 1, 1!, 1!, 41, 065.jpg, singleton, nback_singleton, 0.0096, 1, 0.5128
2, 4, 8, nback, 11, 1, 1!, 1!, 35, 094.jpg, different, nback_different_pair1, 0.0116, 1, 0.5752
2, 4, 8, nback, 12, 1, 1!, 1!, 36, 043.jpg, different, nback_different_pair2, 0.0136, 1, 0.5972
2, 4, 8, nback, 13, 1, 1!, 1!, 43, 044.jpg, singleton, nback_singleton, 0.0156, 1, 0.7231
2, 4, 8, nback, 14, 1, 2@, 2@, 36, 043.jpg, different, nback_different_pair2_2back, 0.0176, 1, 0.6171
2, 4, 8, nback, 15, 1, 1!, 1!, 44, 080.jpg, singleton, nback_singleton, 0.0029, 1, 0.4715
2, 4, 8, nback, 16, 1, 1!, 1!, 46, 092.jpg, singleton, nback_singleton, 0.0049, 1, 0.4457
2, 4, 8, nback, 17, 1, 1!, 1!, 27, 030.jpg, same, nback_same_pair1, 0.0069, 1, 0.5877
2, 4, 8, nback, 18, 1, 2@, 2@, 46, 092.jpg, singleton, nback_singleton_2back, 0.0089, 1, 0.6335
2, 4, 8, nback, 19, 1, 1!, 1!, 28, 071.jpg, same, nback_same_pair2, 0.0109, 1, 0.4639
2, 4, 8, nback, 20, 1, 1!, 1!, 29, 060.jpg, same, nback_same_pair1, 0.0129, 1, 0.6139
2, 4, 8, nback, 21, 1, 1!, 1!, 30, 037.jpg, same, nback_same_pair2, 0.0149, 1, 0.5717
2, 4, 8, nback, 22, 1, 1!, 1!, 48, 012.jpg, singleton, nback_singleton, 0.0169, 1, 0.6016
2, 4, 8, nback, 23, 1, 2@, 2@, 30, 037.jpg, same, nback_same_pair2_2back, 0.0022, 1, 0.5362
2, 4, 8, nback, 24, 1, 2@, 2@, 48, 012.jpg, singleton, nback_singleton_2back, 0.0042, 1, 0.5266
2, 4, 8, nback, 25, 1, 1!, 1!, 47, 055.jpg, singleton, nback_singleton, 0.0062, 1, 0.5483
2, 4, 8, nback, 26, 1, 1!, 1!, 25, 059.jpg, same, nback_same_pair1, 0.0082, 1, 0.4746
2, 4, 8, nback, 27, 1, 1!, 1!, 26, 090.jpg, same, nback_same_pair2, 0.0102, 1, 0.5044
2, 4, 8, nback, 28, 1, 2@, 2@, 25, 059.jpg, same, nback_same_pair1_2back, 0.0122, 1, 0.6065
2, 4, 8, nback, 29, 1, 1!, 1!, 42, 025.jpg, singleton, nback_singleton, 0.0142, 1, 0.5882
2, 4, 8, nback, 30, 1, 1!, 1!, 45, 075.jpg, singleton, nback_singleton, 0.0161, 1, 0.5706
