2, 2, 1, cat, 1, 0, , 1!, 18, 041.jpg, singleton, cat_singleton, 0.0122, 0, -1.0000
2, 2, 1, cat, 2, 1, 1!, 1!, 1, 019.jpg, same, cat_same_pair1, 0.0142, 1, 0.5626
2, 2, 1, cat, 3, 1, 2@, 1!, 2, 087.jpg, same, cat_same_pair2, 0.0162, 0, 0.7606
2, 2, 1, cat, 4, 1, 1!, 1!, 1, 019.jpg, same, cat_same_pair1_2back, 0.0015, 1, 0.5995
2, 2, 1, cat, 5, 1, 1!, 1!, 17, 063.jpg, singleton, cat_singleton, 0.0035, 1, 0.7256
2, 2, 1, cat, 6, 1, 1!, 2@, 22, 007.jpg, singleton, cat_singleton, 0.0055, 0, 0.6753
2, 2, 1, cat, 7, 1, 1!, 1!, 17, 063.jpg, singleton, cat_singleton_2back, 0.0075, 1, 0.5296
2, 2, 1, cat, 8, 1, 2@, 2@, 5, 070.jpg, same, cat_same_pair1, 0.0095, 1, 0.6155
2, 2, 1, cat, 9, 1, 2@, 2@, 6, 048.jpg, same, cat_same_pair2, 0.0114, 1, 0.6057
2, 2, 1, cat, 10, 1, 2@, 2@, 5, 070.jpg, same, cat_same_pair1_2back, 0.0135, 1, 0.6036
2, 2, 1, cat, 11, 1, 1!, 1!, 19, 073.jpg, singleton, cat_singleton, 0.0155, 1, 0.6256
2, 2, 1, cat, 12, 1, 1!, 1!, 3, 014.jpg, same, cat_same_pair1, 0.0175, 1, 0.7117
2, 2, 1, cat, 13, 1, 1!, 1!, 4, 034.jpg, same, cat_same_pair2, 0.0028, 1, 0.7024
2, 2, 1, cat, 14, 1, 2@, 1!, 13, 018.jpg, different, cat_different_pair1, 0.0048, 0, 0.6600
2, 2, 1, cat, 15, 1, 1!, 2@, 14, 006.jpg, different, cat_different_pair2, 0.0068, 0, 0.7220
2, 2, 1, cat, 16, 1, 1!, 2@, 24, 067.jpg, singleton, cat_singleton, 0.0088, 0, 0.5520
2, 2, 1, cat, 17, 1, 1!, 2@, 21, 078.jpg, singleton, cat_singleton, 0.0109, 0, 0.5982
2, 2, 1, cat, 18, 1, 2@, 2@, 24, 067.jpg, singleton, cat_singleton_2back, 0.0128, 1, 0.5401
2, 2, 1, cat, 19, 1, 1!, 1!, 15, 017.jpg, different, cat_different_pair1, 0.0148, 1, 0.6259
2, 2, 1, cat, 20, 1, 2@, 2@, 16, 050.jpg, different, cat_different_pair2, 0.0168, 1, 0.8483
2, 2, 1, cat, 21, 1, 1!, 2@, 11, 039.jpg, different, cat_different_pair1, 0.0021, 0, 0.7509
2, 2, 1, cat, 22, 1, 2@, 2@, 16, 050.jpg, different, cat_different_pair2_2back, 0.0040, 1, 0.7487
2, 2, 1, cat, 23, 1, 2@, 1!, 12, 033.jpg, different, cat_different_pair2, 0.0061, 0, 0.7866
2, 2, 1, cat, 24, 1, 2@, 2@, 23, 058.jpg, singleton, cat_singleton, 0.0081, 1, 0.7768
2, 2, 1, cat, 25, 1, 2@, 1!, 12, 033.jpg, different, cat_different_pair2_2back, 0.0101, 0, 0.8791
2, 2, 1, cat, 26, 0, , 2@, 7, 027.jpg, same, cat_same_pair1, 0.0122, 0, -1.0000
2, 2, 1, cat, 27, 1, 1!, 2@, 8, 003.jpg, same, cat_same_pair2, 0.0139, 0, 0.5392
2, 2, 1, cat, 28, 1, 2@, 2@, 9, 056.jpg, different, cat_different_pair1, 0.0161, 1, 0.7371
2, 2, 1, cat, 29, 1, 1!, 1!, 10, 076.jpg, different, cat_different_pair2, 0.0013, 1, 0.7117
2, 2, 1, cat, 30, 1, 1!, 1!, 20, 042.jpg, singleton, cat_singleton, 0.0034, 1, 0.7657
2, 2, 2, nback, 1, 1, 1!, 1!, 42, 025.jpg, singleton, nback_singleton, 0.0164, 1, 0.8006
2, 2, 2, nback, 2, 1, 1!, 1!, 45, 075.jpg, singleton, nback_singleton, 0.0017, 1, 0.6394
2, 2, 2, nback, 3, 1, 1!, 1!, 29, 060.jpg, same, nback_same_pair1, 0.0037, 1, 0.7090
2, 2, 2, nback, 4, 1, 1!, 1!, 30, 037.jpg, same, nback_same_pair2, 0.0057, 1, 0.6994
2, 2, 2, nback, 5, 1, 1!, 1!, 46, 092.jpg, singleton, nback_singleton, 0.0077, 1, 0.8330
2, 2, 2, nback, 6, 1, 2@, 2@, 30, 037.jpg, same, nback_same_pair2_2back, 0.0097, 1, 0.5992
2, 2, 2, nback, 7, 1, 2@, 2@, 46, 092.jpg, singleton, nback_singleton_2back, 0.0117, 1, 0.5572
2, 2, 2, nback, 8, 1, 1!, 1!, 27, 030.jpg, same, nback_same_pair1, 0.0137, 1, 0.4834
2, 2, 2, nback, 9, 1, 1!, 1!, 28, 071.jpg, same, nback_same_pair2, 0.0157, 1, 0.7530
2, 2, 2, nback, 10, 1, 1!, 1!, 37, 093.jpg, different, nback_different_pair1, 0.0177, 1, 0.9194
2, 2, 2, nback, 11, 1, 1!, 1!, 38, 013.jpg, different, nback_different_pair2, 0.0030, 1, 0.7977
2, 2, 2, nback, 12, 1, 2@, 2@, 37, 093.jpg, different, nback_different_pair1_2back, 0.0050, 1, 0.6279
2, 2, 2, nback, 13, 1, 1!, 1!, 39, 081.jpg, different, nback_different_pair1, 0.0070, 1, 0.6737
2, 2, 2, nback, 14, 1, 1!, 1!, 40, 051.jpg, different, nback_different_pair2, 0.0089, 1, 0.7120
2, 2, 2, nback, 15, 1, 2@, 2@, 39, 081.jpg, different, nback_different_pair1_2back, 0.0110, 1, 0.5979
2, 2, 2, nback, 16, 1, 1!, 1!, 25, 059.jpg, same, nback_same_pair1, 0.0130, 1, 0.6117
2, 2, 2, nback, 17, 1, 1!, 1!, 26, 090.jpg, same, nback_same_pair2, 0.0150, 1, 0.8177
2, 2, 2, nback, 18, 1, 1!, 1!, 43, 044.jpg, singleton, nback_singleton, 0.0170, 1, 0.7440
2, 2, 2, nback, 19, 1, 1!, 1!, 48, 012.jpg, singleton, nback_singleton, 0.0023, 1, 0.7024
2, 2, 2, nback, 20, 1, 1!, 1!, 44, 080.jpg, singleton, nback_singleton, 0.0043, 1, 0.7167
2, 2, 2, nback, 21, 1, 1!, 1!, 35, 094.jpg, different, nback_different_pair1, 0.0063, 1, 0.5866
2, 2, 2, nback, 22, 1, 2@, 2@, 44, 080.jpg, singleton, nback_singleton_2back, 0.0083, 1, 0.5524
2, 2, 2, nback, 23, 1, 1!, 1!, 36, 043.jpg, different, nback_different_pair2, 0.0103, 1, 0.5103
2, 2, 2, nback, 24, 1, 1!, 1!, 41, 065.jpg, singleton, nback_singleton, 0.0123, 1, 0.7163
2, 2, 2, nback, 25, 1, 2@, 2@, 36, 043.jpg, different, nback_different_pair2_2back, 0.0143, 1, 0.6748
2, 2, 2, nback, 26, 1, 1!, 1!, 33, 062.jpg, different, nback_different_pair1, 0.0163, 1, 0.5447
2, 2, 2, nback, 27, 1, 1!, 1!, 34, 038.jpg, different, nback_different_pair2, 0.0016, 1, 0.7114
2, 2, 2, nback, 28, 1, 1!, 1!, 31, 011.jpg, same, nback_same_pair1, 0.0036, 1, 0.5733
2, 2, 2, nback, 29, 0, , 1!, 32, 031.jpg, same, nback_same_pair2, 0.0056, 0, -1.0000
2, 2, 2, nback, 30, 1, 1!, 1!, 47, 055.jpg, singleton, nback_singleton, 0.0076, 1, 0.7293
2, 2, 3, cat, 1, 0, , 2@, 11, 039.jpg, different, cat_different_pair1, 0.0039, 0, -1.0000
2, 2, 3, cat, 2, 1, 2@, 1!, 12, 033.jpg, different, cat_different_pair2, 0.0057, 0, 0.6913
2, 2, 3, cat, 3, 1, 2@, 2@, 11, 039.jpg, different, cat_different_pair1_2back, 0.0079, 1, 0.6091
2, 2, 3, cat, 4, 1, 1!, 1!, 19, 073.jpg, singleton, cat_singleton, 0.0099, 1, 0.4712
2, 2, 3, cat, 5, 1, 1!, 2@, 7, 027.jpg, same, cat_same_pair1, 0.0119, 0, 0.6526
2, 2, 3, cat, 6, 1, 1!, 1!, 19, 073.jpg, singleton, cat_singleton_2back, 0.0139, 1, 0.4749
2, 2, 3, cat, 7, 1, 2@, 2@, 8, 003.jpg, same, cat_same_pair2, 0.0159, 1, 0.6093
2, 2, 3, cat, 8, 1, 2@, 2@, 21, 078.jpg, singleton, cat_singleton, 0.0179, 1, 0.6711
2, 2, 3, cat, 9, 1, 2@, 2@, 8, 003.jpg, same, cat_same_pair2_2back, 0.0032, 1, 0.5817
2, 2, 3, cat, 10, 1, 1!, 1!, 3, 014.jpg, same, cat_same_pair1, 0.0052, 1, 0.5238
2, 2, 3, cat, 11, 1, 1!, 1!, 4, 034.jpg, same, cat_same_pair2, 0.0072, 1, 0.5219
2, 2, 3, cat, 12, 1, 1!, 1!, 3, 014.jpg, same, cat_same_pair1_2back, 0.0092, 1, 0.7756
2, 2, 3, cat, 13, 1, 1!, 1!, 17, 063.jpg, singleton, cat_singleton, 0.0112, 1, 0.7174
2, 2, 3, cat, 14, 1, 2@, 2@, 23, 058.jpg, singleton, cat_singleton, 0.0132, 1, 0.5557
2, 2, 3, cat, 15, 1, 2@, 1!, 13, 018.jpg, different, cat_different_pair1, 0.0152, 0, 0.6737
2, 2, 3, cat, 16, 1, 1!, 2@, 14, 006.jpg, different, cat_different_pair2, 0.0172, 0, 0.7038
2, 2, 3, cat, 17, 1, 1!, 1!, 18, 041.jpg, singleton, cat_singleton, 0.0025, 1, 0.5184
2, 2, 3, cat, 18, 1, 2@, 2@, 5, 070.jpg, same, cat_same_pair1, 0.0045, 1, 0.5484
2, 2, 3, cat, 19, 1, 1!, 1!, 18, 041.jpg, singleton, cat_singleton_2back, 0.0065, 1, 0.6024
2, 2, 3, cat, 20, 1, 1!, 2@, 6, 048.jpg, same, cat_same_pair2, 0.0085, 0, 0.6563
2, 2, 3, cat, 21, 1, 2@, 2@, 24, 067.jpg, singleton, cat_singleton, 0.0104, 1, 0.8306
2, 2, 3, cat, 22, 1, 2@, 2@, 6, 048.jpg, same, cat_same_pair2_2back, 0.0125, 1, 0.5563
2, 2, 3, cat, 23, 1, 1!, 1!, 15, 017.jpg, different, cat_different_pair1, 0.0145, 1, 0.5784
2, 2, 3, cat, 24, 1, 2@, 2@, 16, 050.jpg, different, cat_different_pair2, 0.0165, 1, 0.7205
2, 2, 3, cat, 25, 1, 2@, 2@, 22, 007.jpg, singleton, cat_singleton, 0.0018, 1, 0.6550
2, 2, 3, cat, 26, 1, 1!, 2@, 9, 056.jpg, different, cat_different_pair1, 0.0038, 0, 0.6770
2, 2, 3, cat, 27, 1, 1!, 1!, 10, 076.jpg, different, cat_different_pair2, 0.0058, 1, 0.5712
2, 2, 3, cat, 28, 1, 1!, 1!, 1, 019.jpg, same, cat_same_pair1, 0.0078, 1, 0.5931
2, 2, 3, cat, 29, 1, 1!, 1!, 2, 087.jpg, same, cat_same_pair2, 0.0098, 1, 0.6630
2, 2, 3, cat, 30, 1, 1!, 1!, 20, 042.jpg, singleton, cat_singleton, 0.0118, 1, 0.7172
2, 2, 4, nback, 1, 1, 1!, 1!, 46, 092.jpg, singleton, nback_singleton, 0.0081, 1, 0.7764
2, 2, 4, nback, 2, 1, 1!, 1!, 43, 044.jpg, singleton, nback_singleton, 0.0101, 1, 0.7988
2, 2, 4, nback, 3, 1, 1!, 1!, 31, 011.jpg, same, nback_same_pair1, 0.0121, 1, 0.6607
2, 2, 4, nback, 4, 1, 1!, 1!, 32, 031.jpg, same, nback_same_pair2, 0.0141, 1, 0.6747
2, 2, 4, nback, 5, 1, 1!, 1!, 33, 062.jpg, different, nback_different_pair1, 0.0161, 1, 0.6569
2, 2, 4, nback, 6, 1, 1!, 1!, 34, 038.jpg, different, nback_different_pair2, 0.0014, 1, 0.6877
2, 2, 4, nback, 7, 1, 1!, 1!, 27, 030.jpg, same, nback_same_pair1, 0.0034, 1, 0.6131
2, 2, 4, nback, 8, 1, 2@, 2@, 34, 038.jpg, different, nback_different_pair2_2back, 0.0054, 1, 0.5795
2, 2, 4, nback, 9, 1, 1!, 1!, 28, 071.jpg, same, nback_same_pair2, 0.0074, 1, 0.5452
2, 2, 4, nback, 10, 1, 1!, 1!, 25, 059.jpg, same, nback_same_pair1, 0.0094, 1, 0.6715
2, 2, 4, nback, 11, 1, 2@, 2@, 28, 071.jpg, same, nback_same_pair2_2back, 0.0114, 1, 0.8854
2, 2, 4, nback, 12, 1, 2@, 2@, 25, 059.jpg, same, nback_same_pair1_2back, 0.0134, 1, 0.6994
2, 2, 4, nback, 13, 1, 1!, 1!, 26, 090.jpg, same, nback_same_pair2, 0.0154, 1, 0.3614
2, 2, 4, nback, 14, 1, 1!, 1!, 39, 081.jpg, different, nback_different_pair1, 0.0174, 1, 0.6393
2, 2, 4, nback, 15, 1, 1!, 1!, 40, 051.jpg, different, nback_different_pair2, 0.0027, 1, 0.6218
2, 2, 4, nback, 16, 1, 1!, 1!, 47, 055.jpg, singleton, nback_singleton, 0.0047, 1, 0.6601
2, 2, 4, nback, 17, 1, 1!, 1!, 48, 012.jpg, singleton, nback_singleton, 0.0067, 1, 0.5138
2, 2, 4, nback, 18, 1, 1!, 1!, 42, 025.jpg, singleton, nback_singleton, 0.0087, 1, 0.6082
2, 2, 4, nback, 19, 1, 1!, 1!, 35, 094.jpg, different, nback_different_pair1, 0.0107, 1, 0.5503
2, 2, 4, nback, 20, 1, 1!, 1!, 36, 043.jpg, different, nback_different_pair2, 0.0127, 1, 0.6123
2, 2, 4, nback, 21, 1, 1!, 1!, 44, 080.jpg, singleton, nback_singleton, 0.0147, 1, 0.6982
2, 2, 4, nback, 22, 1, 1!, 1!, 29, 060.jpg, same, nback_same_pair1, 0.0167, 1, 0.6481
2, 2, 4, nback, 23, 1, 1!, 1!, 30, 037.jpg, same, nback_same_pair2, 0.0020, 1, 0.6149
2, 2, 4, nback, 24, 1, 2@, 2@, 29, 060.jpg, same, nback_same_pair1_2back, 0.0040, 1, 0.5570
2, 2, 4, nback, 25, 1, 1!, 1!, 41, 065.jpg, singleton, nback_singleton, 0.0060, 1, 0.6589
2, 2, 4, nback, 26, 1, 1!, 1!, 45, 075.jpg, singleton, nback_singleton, 0.0080, 1, 0.4889
2, 2, 4, nback, 27, 1, 2@, 2@, 41, 065.jpg, singleton, nback_singleton_2back, 0.0100, 1, 0.7028
2, 2, 4, nback, 28, 1, 2@, 2@, 45, 075.jpg, singleton, nback_singleton_2back, 0.0120, 1, 0.6287
2, 2, 4, nback, 29, 1, 1!, 1!, 37, 093.jpg, different, nback_different_pair1, 0.0140, 1, 0.3389
2, 2, 4, nback, 30, 1, 1!, 1!, 38, 013.jpg, different, nback_different_pair2, 0.0160, 1, 0.4967
2, 2, 5, cat, 1, 1, 2@, 1!, 18, 041.jpg, singleton, cat_singleton, 0.0123, 0, 0.8365
2, 2, 5, cat, 2, 1, 1!, 2@, 7, 027.jpg, same, cat_same_pair1, 0.0143, 0, 0.6022
2, 2, 5, cat, 3, 1, 2@, 2@, 8, 003.jpg, same, cat_same_pair2, 0.0163, 1, 0.7445
2, 2, 5, cat, 4, 1, 2@, 2@, 11, 039.jpg, different, cat_different_pair1, 0.0016, 1, 0.5754
2, 2, 5, cat, 5, 1, 2@, 1!, 12, 033.jpg, different, cat_different_pair2, 0.0036, 0, 0.8771
2, 2, 5, cat, 6, 1, 2@, 2@, 24, 067.jpg, singleton, cat_singleton, 0.0056, 1, 0.6912
2, 2, 5, cat, 7, 1, 1!, 1!, 20, 042.jpg, singleton, cat_singleton, 0.0074, 1, 0.7133
2, 2, 5, cat, 8, 1, 2@, 2@, 5, 070.jpg, same, cat_same_pair1, 0.0096, 1, 0.5672
2, 2, 5, cat, 9, 1, 2@, 1!, 20, 042.jpg, singleton, cat_singleton_2back, 0.0116, 0, 0.6452
2, 2, 5, cat, 10, 1, 2@, 2@, 6, 048.jpg, same, cat_same_pair2, 0.0136, 1, 0.7554
2, 2, 5, cat, 11, 1, 1!, 1!, 17, 063.jpg, singleton, cat_singleton, 0.0156, 1, 0.5852
2, 2, 5, cat, 12, 1, 2@, 1!, 13, 018.jpg, different, cat_different_pair1, 0.0176, 0, 0.7109
2, 2, 5, cat, 13, 1, 1!, 2@, 14, 006.jpg, different, cat_different_pair2, 0.0029, 0, 0.6219
2, 2, 5, cat, 14, 1, 1!, 1!, 13, 018.jpg, different, cat_different_pair1_2back, 0.0049, 1, 0.5797
2, 2, 5, cat, 15, 1, 1!, 1!, 19, 073.jpg, singleton, cat_singleton, 0.0069, 1, 0.5695
2, 2, 5, cat, 16, 1, 2@, 2@, 21, 078.jpg, singleton, cat_singleton, 0.0089, 1, 0.8715
2, 2, 5, cat, 17, 1, 1!, 1!, 1, 019.jpg, same, cat_same_pair1, 0.0109, 1, 0.4858
2, 2, 5, cat, 18, 1, 2@, 2@, 21, 078.jpg, singleton, cat_singleton_2back, 0.0129, 1, 0.8040
2, 2, 5, cat, 19, 1, 1!, 1!, 2, 087.jpg, same, cat_same_pair2, 0.0149, 1, 0.6098
2, 2, 5, cat, 20, 1, 1!, 2@, 9, 056.jpg, different, cat_different_pair1, 0.0169, 0, 0.7435
2, 2, 5, cat, 21, 1, 1!, 1!, 2, 087.jpg, same, cat_same_pair2_2back, 0.0022, 1, 0.5106
2, 2, 5, cat, 22, 1, 2@, 2@, 9, 056.jpg, different, cat_different_pair1_2back, 0.0042, 1, 0.5646
2, 2, 5, cat, 23, 1, 1!, 1!, 10, 076.jpg, different, cat_different_pair2, 0.0062, 1, 0.6506
2, 2, 5, cat, 24, 1, 1!, 1!, 15, 017.jpg, different, cat_different_pair1, 0.0081, 1, 0.4803
2, 2, 5, cat, 25, 1, 2@, 2@, 16, 050.jpg, different, cat_different_pair2, 0.0102, 1, 0.6706
2, 2, 5, cat, 26, 1, 1!, 1!, 3, 014.jpg, same, cat_same_pair1, 0.0122, 1, 0.5964
2, 2, 5, cat, 27, 1, 1!, 1!, 4, 034.jpg, same, cat_same_pair2, 0.0142, 1, 0.6507
2, 2, 5, cat, 28, 1, 2@, 2@, 22, 007.jpg, singleton, cat_singleton, 0.0162, 1, 0.6805
2, 2, 5, cat, 29, 1, 1!, 1!, 4, 034.jpg, same, cat_same_pair2_2back, 0.0015, 1, 0.6152
2, 2, 5, cat, 30, 1, 2@, 2@, 23, 058.jpg, singleton, cat_singleton, 0.0035, 1, 0.7813
2, 2, 6, nback, 1, 1, 1!, 1!, 41, 065.jpg, singleton, nback_singleton, 0.0165, 1, 0.8163
2, 2, 6, nback, 2, 1, 1!, 1!, 33, 062.jpg, different, nback_different_pair1, 0.0018, 1, 0.5586
2, 2, 6, nback, 3, 1, 1!, 1!, 34, 038.jpg, different, nback_different_pair2, 0.0038, 1, 0.5650
2, 2, 6, nback, 4, 1, 2@, 2@, 33, 062.jpg, different, nback_different_pair1_2back, 0.0058, 1, 0.5789
2, 2, 6, nback, 5, 1, 1!, 1!, 45, 075.jpg, singleton, nback_singleton, 0.0078, 1, 0.4731
2, 2, 6, nback, 6, 1, 1!, 1!, 42, 025.jpg, singleton, nback_singleton, 0.0098, 1, 0.5511
2, 2, 6, nback, 7, 1, 1!, 1!, 31, 011.jpg, same, nback_same_pair1, 0.0118, 1, 0.7089
2, 2, 6, nback, 8, 1, 1!, 1!, 32, 031.jpg, same, nback_same_pair2, 0.0138, 1, 0.5550
2, 2, 6, nback, 9, 1, 1!, 1!, 44, 080.jpg, singleton, nback_singleton, 0.0158, 1, 0.5046
2, 2, 6, nback, 10, 1, 2@, 2@, 32, 031.jpg, same, nback_same_pair2_2back, 0.0178, 1, 0.5190
2, 2, 6, nback, 11, 1, 1!, 1!, 27, 030.jpg, same, nback_same_pair1, 0.0031, 1, 0.5253
2, 2, 6, nback, 12, 1, 1!, 1!, 28, 071.jpg, same, nback_same_pair2, 0.0051, 1, 0.6436
2, 2, 6, nback, 13, 1, 2@, 2@, 27, 030.jpg, same, nback_same_pair1_2back, 0.0071, 1, 0.5698
2, 2, 6, nback, 14, 1, 1!, 1!, 29, 060.jpg, same, nback_same_pair1, 0.0091, 1, 0.5196
2, 2, 6, nback, 15, 1, 1!, 1!, 30, 037.jpg, same, nback_same_pair2, 0.0111, 1, 0.5096
2, 2, 6, nback, 16, 1, 1!, 1!, 25, 059.jpg, same, nback_same_pair1, 0.0130, 1, 0.5638
2, 2, 6, nback, 17, 1, 1!, 1!, 26, 090.jpg, same, nback_same_pair2, 0.0151, 1, 0.6976
2, 2, 6, nback, 18, 1, 1!, 1!, 47, 055.jpg, singleton, nback_singleton, 0.0171, 1, 0.6157
2, 2, 6, nback, 19, 1, 1!, 1!, 35, 094.jpg, different, nback_different_pair1, 0.0024, 1, 0.6380
2, 2, 6, nback, 20, 1, 2@, 2@, 47, 055.jpg, singleton, nback_singleton_2back, 0.0044, 1, 0.5085
2, 2, 6, nback, 21, 1, 1!, 1!, 36, 043.jpg, different, nback_different_pair2, 0.0064, 1, 0.5623
2, 2, 6, nback, 22, 1, 1!, 1!, 43, 044.jpg, singleton, nback_singleton, 0.0084, 1, 0.5920
2, 2, 6, nback, 23, 1, 1!, 1!, 39, 081.jpg, different, nback_different_pair1, 0.0104, 1, 0.5103
2, 2, 6, nback, 24, 1, 1!, 1!, 40, 051.jpg, different, nback_different_pair2, 0.0124, 1, 0.5323
2, 2, 6, nback, 25, 1, 1!, 1!, 46, 092.jpg, singleton, nback_singleton, 0.0144, 1, 0.4982
2, 2, 6, nback, 26, 1, 2@, 2@, 40, 051.jpg, different, nback_different_pair2_2back, 0.0164, 1, 0.5203
2, 2, 6, nback, 27, 1, 1!, 1!, 48, 012.jpg, singleton, nback_singleton, 0.0017, 1, 0.4709
2, 2, 6, nback, 28, 1, 1!, 1!, 37, 093.jpg, different, nback_different_pair1, 0.0037, 1, 0.7089
2, 2, 6, nback, 29, 1, 2@, 2@, 48, 012.jpg, singleton, nback_singleton_2back, 0.0057, 1, 0.5787
2, 2, 6, nback, 30, 1, 1!, 1!, 38, 013.jpg, different, nback_different_pair2, 0.0077, 1, 0.4570
2, 2, 7, cat, 1, 1, 2@, 1!, 20, 042.jpg, singleton, cat_singleton, 0.0040, 0, 0.8605
2, 2, 7, cat, 2, 1, 2@, 2@, 24, 067.jpg, singleton, cat_singleton, 0.0060, 1, 0.6027
2, 2, 7, cat, 3, 1, 1!, 1!, 19, 073.jpg, singleton, cat_singleton, 0.0080, 1, 0.5043
2, 2, 7, cat, 4, 1, 2@, 2@, 23, 058.jpg, singleton, cat_singleton, 0.0100, 1, 0.6545
2, 2, 7, cat, 5, 1, 1!, 2@, 21, 078.jpg, singleton, cat_singleton, 0.0120, 0, 0.9406
2, 2, 7, cat, 6, 1, 2@, 2@, 23, 058.jpg, singleton, cat_singleton_2back, 0.0140, 1, 0.6826
2, 2, 7, cat, 7, 1, 1!, 2@, 7, 027.jpg, same, cat_same_pair1, 0.0160, 0, 0.8807
2, 2, 7, cat, 8, 1, 2@, 2@, 8, 003.jpg, same, cat_same_pair2, 0.0011, 1, 0.6712
2, 2, 7, cat, 9, 1, 2@, 2@, 7, 027.jpg, same, cat_same_pair1_2back, 0.0033, 1, 0.6453
2, 2, 7, cat, 10, 1, 1!, 1!, 1, 019.jpg, same, cat_same_pair1, 0.0053, 1, 0.5155
2, 2, 7, cat, 11, 1, 1!, 1!, 2, 087.jpg, same, cat_same_pair2, 0.0073, 1, 0.5374
2, 2, 7, cat, 12, 1, 2@, 2@, 9, 056.jpg, different, cat_different_pair1, 0.0093, 1, 0.6713
2, 2, 7, cat, 13, 1, 2@, 1!, 10, 076.jpg, different, cat_different_pair2, 0.0111, 0, 0.6775
2, 2, 7, cat, 14, 1, 2@, 2@, 22, 007.jpg, singleton, cat_singleton, 0.0133, 1, 0.5311
2, 2, 7, cat, 15, 1, 2@, 1!, 10, 076.jpg, different, cat_different_pair2_2back, 0.0153, 0, 0.6254
2, 2, 7, cat, 16, 1, 2@, 2@, 22, 007.jpg, singleton, cat_singleton_2back, 0.0171, 1, 0.5596
2, 2, 7, cat, 17, 1, 1!, 2@, 5, 070.jpg, same, cat_same_pair1, 0.0024, 0, 0.5663
2, 2, 7, cat, 18, 1, 1!, 2@, 6, 048.jpg, same, cat_same_pair2, 0.0046, 0, 0.7159
2, 2, 7, cat, 19, 1, 1!, 1!, 17, 063.jpg, singleton, cat_singleton, 0.0066, 1, 0.6020
2, 2, 7, cat, 20, 1, 2@, 1!, 3, 014.jpg, same, cat_same_pair1, 0.0086, 0, 0.6160
2, 2, 7, cat, 21, 1, 1!, 1!, 4, 034.jpg, same, cat_same_pair2, 0.0106, 1, 0.6617
2, 2, 7, cat, 22, 1, 2@, 1!, 18, 041.jpg, singleton, cat_singleton, 0.0125, 0, 0.9158
2, 2, 7, cat, 23, 1, 1!, 1!, 13, 018.jpg, different, cat_different_pair1, 0.0146, 1, 0.8100
2, 2, 7, cat, 24, 1, 2@, 2@, 14, 006.jpg, different, cat_different_pair2, 0.0166, 1, 0.7517
2, 2, 7, cat, 25, 1, 1!, 1!, 15, 017.jpg, different, cat_different_pair1, 0.0019, 1, 0.4868
2, 2, 7, cat, 26, 1, 1!, 2@, 14, 006.jpg, different, cat_different_pair2_2back, 0.0039, 0, 0.5247
2, 2, 7, cat, 27, 1, 1!, 1!, 15, 017.jpg, different, cat_different_pair1_2back, 0.0059, 1, 0.5226
2, 2, 7, cat, 28, 1, 1!, 2@, 16, 050.jpg, different, cat_different_pair2, 0.0079, 0, 0.8566
2, 2, 7, cat, 29, 1, 2@, 2@, 11, 039.jpg, different, cat_different_pair1, 0.0099, 1, 0.7107
2, 2, 7, cat, 30, 1, 2@, 1!, 12, 033.jpg, different, cat_different_pair2, 0.0119, 0, 0.9644
2, 2, 8, nback, 1, 1, 1!, 1!, 41, 065.jpg, singleton, nback_singleton, 0.0082, 1, 0.4084
2, 2, 8, nback, 2, 1, 1!, 1!, 42, 025.jpg, singleton, nback_singleton, 0.0102, 1, 0.5184
2, 2, 8, nback, 3, 1, 1!, 1!, 35, 094.jpg, different, nback_different_pair1, 0.0122, 1, 0.5325
2, 2, 8, nback, 4, 1, 2@, 2@, 42, 025.jpg, singleton, nback_singleton_2back, 0.0142, 1, 0.5146
2, 2, 8, nback, 5, 1, 2@, 2@, 35, 094.jpg, different, nback_different_pair1_2back, 0.0162, 1, 0.4641
2, 2, 8, nback, 6, 1, 1!, 1!, 36, 043.jpg, different, nback_different_pair2, 0.0015, 1, 0.6947
2, 2, 8, nback, 7, 1, 1!, 1!, 44, 080.jpg, singleton, nback_singleton, 0.0035, 1, 0.4931
2, 2, 8, nback, 8, 1, 1!, 1!, 43, 044.jpg, singleton, nback_singleton, 0.0055, 1, 0.5231
2, 2, 8, nback, 9, 1, 1!, 1!, 25, 059.jpg, same, nback_same_pair1, 0.0074, 1, 0.5454
2, 2, 8, nback, 10, 1, 2@, 2@, 43, 044.jpg, singleton, nback_singleton_2back, 0.0095, 1, 0.7031
2, 2, 8, nback, 11, 1, 1!, 1!, 26, 090.jpg, same, nback_same_pair2, 0.0114, 1, 0.5010
2, 2, 8, nback, 12, 1, 1!, 1!, 39, 081.jpg, different, nback_different_pair1, 0.0135, 1, 0.4668
2, 2, 8, nback, 13, 1, 2@, 2@, 26, 090.jpg, same, nback_same_pair2_2back, 0.0155, 1, 0.5611
2, 2, 8, nback, 14, 1, 1!, 1!, 40, 051.jpg, different, nback_different_pair2, 0.0175, 1, 0.4232
2, 2, 8, nback, 15, 1, 1!, 1!, 29, 060.jpg, same, nback_same_pair1, 0.0028, 1, 0.5497
2, 2, 8, nback, 16, 1, 1!, 1!, 30, 037.jpg, same, nback_same_pair2, 0.0048, 1, 0.5078
2, 2, 8, nback, 17, 1, 1!, 1!, 48, 012.jpg, singleton, nback_singleton, 0.0068, 1, 0.9457
2, 2, 8, nback, 18, 1, 2@, 1!, 47, 055.jpg, singleton, nback_singleton, 0.0088, 0, 0.7839
2, 2, 8, nback, 19, 1, 1!, 1!, 45, 075.jpg, singleton, nback_singleton, 0.0108, 1, 0.5258
2, 2, 8, nback, 20, 1, 1!, 1!, 37, 093.jpg, different, nback_different_pair1, 0.0128, 1, 0.5479
2, 2, 8, nback, 21, 1, 1!, 1!, 38, 013.jpg, different, nback_different_pair2, 0.0148, 1, 0.5618
2, 2, 8, nback, 22, 1, 1!, 1!, 46, 092.jpg, singleton, nback_singleton, 0.0168, 1, 0.5518
2, 2, 8, nback, 23, 1, 2@, 2@, 38, 013.jpg, different, nback_different_pair2_2back, 0.0021, 1, 0.6144
2, 2, 8, nback, 24, 1, 1!, 1!, 33, 062.jpg, different, nback_different_pair1, 0.0041, 1, 0.6046
2, 2, 8, nback, 25, 1, 1!, 1!, 34, 038.jpg, different, nback_different_pair2, 0.0061, 1, 0.5865
2, 2, 8, nback, 26, 1, 1!, 1!, 31, 011.jpg, same, nback_same_pair1, 0.0081, 1, 0.4324
2, 2, 8, nback, 27, 1, 1!, 1!, 32, 031.jpg, same, nback_same_pair2, 0.0101, 1, 0.7344
2, 2, 8, nback, 28, 1, 2@, 2@, 31, 011.jpg, same, nback_same_pair1_2back, 0.0121, 1, 0.5485
2, 2, 8, nback, 29, 1, 1!, 1!, 27, 030.jpg, same, nback_same_pair1, 0.0141, 1, 0.4585
2, 2, 8, nback, 30, 1, 1!, 1!, 28, 071.jpg, same, nback_same_pair2, 0.0160, 1, 0.4966
