2, 6, 1, cat, 1, 1, 1!, 1!, 20, 042.jpg, singleton, cat_singleton, 0.0073, 1, 0.6416
2, 6, 1, cat, 2, 1, 1!, 1!, 18, 041.jpg, singleton, cat_singleton, 0.0071, 1, 0.5687
2, 6, 1, cat, 3, 1, 2@, 2@, 23, 058.jpg, singleton, cat_singleton, 0.0070, 1, 0.5617
2, 6, 1, cat, 4, 1, 1!, 1!, 1, 019.jpg, same, cat_same_pair1, 0.0068, 1, 0.5329
2, 6, 1, cat, 5, 1, 2@, 2@, 23, 058.jpg, singleton, cat_singleton_2back, 0.0066, 1, 0.4831
2, 6, 1, cat, 6, 1, 1!, 1!, 1, 019.jpg, same, cat_same_pair1_2back, 0.0064, 1, 0.4305
2, 6, 1, cat, 7, 1, 1!, 1!, 2, 087.jpg, same, cat_same_pair2, 0.0063, 1, 0.5296
2, 6, 1, cat, 8, 1, 2@, 2@, 9, 056.jpg, different, cat_different_pair1, 0.0061, 1, 0.5298
2, 6, 1, cat, 9, 1, 1!, 1!, 10, 076.jpg, different, cat_different_pair2, 0.0059, 1, 0.5570
2, 6, 1, cat, 10, 1, 2@, 2@, 21, 078.jpg, singleton, cat_singleton, 0.0058, 1, 0.4891
2, 6, 1, cat, 11, 1, 2@, 2@, 5, 070.jpg, same, cat_same_pair1, 0.0056, 1, 0.4672
2, 6, 1, cat, 12, 1, 2@, 2@, 6, 048.jpg, same, cat_same_pair2, 0.0054, 1, 0.4465
2, 6, 1, cat, 13, 1, 2@, 2@, 22, 007.jpg, singleton, cat_singleton, 0.0053, 1, 0.4565
2, 6, 1, cat, 14, 1, 2@, 2@, 6, 048.jpg, same, cat_same_pair2_2back, 0.0051, 1, 0.4926
2, 6, 1, cat, 15, 1, 2@, 2@, 24, 067.jpg, singleton, cat_singleton, 0.0049, 1, 0.4669
2, 6, 1, cat, 16, 1, 2@, 2@, 11, 039.jpg, different, cat_different_pair1, 0.0047, 1, 0.4741
2, 6, 1, cat, 17, 1, 2@, 1!, 12, 033.jpg, different, cat_different_pair2, 0.0046, 0, 0.5832
2, 6, 1, cat, 18, 1, 1!, 1!, 15, 017.jpg, different, cat_different_pair1, 0.0044, 1, 0.5073
2, 6, 1, cat, 19, 1, 2@, 2@, 16, 050.jpg, different, cat_different_pair2, 0.0042, 1, 0.5945
2, 6, 1, cat, 20, 1, 1!, 1!, 3, 014.jpg, same, cat_same_pair1, 0.0040, 1, 0.6258
2, 6, 1, cat, 21, 1, 1!, 1!, 4, 034.jpg, same, cat_same_pair2, 0.0039, 1, 0.5218
2, 6, 1, cat, 22, 1, 1!, 1!, 3, 014.jpg, same, cat_same_pair1_2back, 0.0037, 1, 0.6971
2, 6, 1, cat, 23, 1, 1!, 1!, 17, 063.jpg, singleton, cat_singleton, 0.0035, 1, 0.4781
2, 6, 1, cat, 24, 1, 1!, 1!, 19, 073.jpg, singleton, cat_singleton, 0.0034, 1, 0.4624
2, 6, 1, cat, 25, 1, 1!, 2@, 7, 027.jpg, same, cat_same_pair1, 0.0032, 0, 0.4747
2, 6, 1, cat, 26, 1, 1!, 1!, 19, 073.jpg, singleton, cat_singleton_2back, 0.0030, 1, 0.5148
2, 6, 1, cat, 27, 1, 2@, 2@, 8, 003.jpg, same, cat_same_pair2, 0.0027, 1, 0.5681
2, 6, 1, cat, 28, 1, 1!, 1!, 13, 018.jpg, different, cat_different_pair1, 0.0026, 1, 0.4591
2, 6, 1, cat, 29, 1, 2@, 2@, 8, 003.jpg, same, cat_same_pair2_2back, 0.0108, 1, 0.4660
2, 6, 1, cat, 30, 1, 2@, 2@, 14, 006.jpg, different, cat_different_pair2, 0.0107, 1, 0.6912
2, 6, 2, nback, 1, 1, 1!, 1!, 39, 081.jpg, different, nback_different_pair1, 0.0096, 1, 0.6821
2, 6, 2, nback, 2, 1, 1!, 1!, 40, 051.jpg, different, nback_different_pair2, 0.0094, 1, 0.5933
2, 6, 2, nback, 3, 1, 1!, 1!, 25, 059.jpg, same, nback_same_pair1, 0.0092, 1, 0.5376
2, 6, 2, nback, 4, 1, 2@, 2@, 40, 051.jpg, different, nback_different_pair2_2back, 0.0090, 1, 0.4148
2, 6, 2, nback, 5, 1, 1!, 1!, 26, 090.jpg, same, nback_same_pair2, 0.0088, 1, 0.4570
2, 6, 2, nback, 6, 1, 1!, 1!, 41, 065.jpg, singleton, nback_singleton, 0.0087, 1, 0.3642
2, 6, 2, nback, 7, 1, 1!, 1!, 46, 092.jpg, singleton, nback_singleton, 0.0085, 1, 0.6094
2, 6, 2, nback, 8, 1, 1!, 1!, 37, 093.jpg, different, nback_different_pair1, 0.0083, 1, 0.3965
2, 6, 2, nback, 9, 1, 2@, 2@, 46, 092.jpg, singleton, nback_singleton_2back, 0.0082, 1, 0.4406
2, 6, 2, nback, 10, 1, 1!, 1!, 38, 013.jpg, different, nback_different_pair2, 0.0080, 1, 0.3868
2, 6, 2, nback, 11, 1, 1!, 1!, 29, 060.jpg, same, nback_same_pair1, 0.0078, 1, 0.4051
2, 6, 2, nback, 12, 1, 1!, 1!, 30, 037.jpg, same, nback_same_pair2, 0.0077, 1, 0.3901
2, 6, 2, nback, 13, 1, 2@, 2@, 29, 060.jpg, same, nback_same_pair1_2back, 0.0075, 1, 0.6583
2, 6, 2, nback, 14, 1, 1!, 1!, 35, 094.jpg, different, nback_different_pair1, 0.0073, 1, 0.5503
2, 6, 2, nback, 15, 1, 1!, 1!, 36, 043.jpg, different, nback_different_pair2, 0.0071, 1, 0.4737
2, 6, 2, nback, 16, 1, 2@, 2@, 35, 094.jpg, different, nback_different_pair1_2back, 0.0070, 1, 0.5058
2, 6, 2, nback, 17, 1, 1!, 1!, 42, 025.jpg, singleton, nback_singleton, 0.0067, 1, 0.3902
2, 6, 2, nback, 18, 1, 1!, 1!, 48, 012.jpg, singleton, nback_singleton, 0.0066, 1, 0.4212
2, 6, 2, nback, 19, 1, 1!, 1!, 45, 075.jpg, singleton, nback_singleton, 0.0064, 1, 0.4654
2, 6, 2, nback, 20, 1, 2@, 2@, 48, 012.jpg, singleton, nback_singleton_2back, 0.0063, 1, 0.4516
2, 6, 2, nback, 21, 1, 1!, 1!, 44, 080.jpg, singleton, nback_singleton, 0.0061, 1, 0.4937
2, 6, 2, nback, 22, 1, 1!, 1!, 43, 044.jpg, singleton, nback_singleton, 0.0059, 1, 0.4289
2, 6, 2, nback, 23, 1, 1!, 1!, 31, 011.jpg, same, nback_same_pair1, 0.0058, 1, 0.4991
2, 6, 2, nback, 24, 1, 1!, 1!, 32, 031.jpg, same, nback_same_pair2, 0.0056, 1, 0.5082
2, 6, 2, nback, 25, 1, 1!, 1!, 33, 062.jpg, different, nback_different_pair1, 0.0054, 1, 0.5164
2, 6, 2, nback, 26, 1, 1!, 1!, 34, 038.jpg, different, nback_different_pair2, 0.0052, 1, 0.4225
2, 6, 2, nback, 27, 1, 1!, 1!, 27, 030.jpg, same, nback_same_pair1, 0.0051, 1, 0.4617
2, 6, 2, nback, 28, 1, 2@, 2@, 34, 038.jpg, different, nback_different_pair2_2back, 0.0049, 1, 0.3639
2, 6, 2, nback, 29, 1, 1!, 1!, 28, 071.jpg, same, nback_same_pair2, 0.0047, 1, 0.3841
2, 6, 2, nback, 30, 1, 1!, 1!, 47, 055.jpg, singleton, nback_singleton, 0.0046, 1, 0.3992
2, 6, 3, cat, 1, 1, 2@, 2@, 23, 058.jpg, singleton, cat_singleton, 0.0034, 1, 0.5484
2, 6, 3, cat, 2, 1, 2@, 2@, 11, 039.jpg, different, cat_different_pair1, 0.0033, 1, 0.5165
2, 6, 3, cat, 3, 1, 1!, 1!, 12, 033.jpg, different, cat_different_pair2, 0.0031, 1, 0.5547
2, 6, 3, cat, 4, 1, 2@, 2@, 22, 007.jpg, singleton, cat_singleton, 0.0113, 1, 0.5174
2, 6, 3, cat, 5, 1, 1!, 1!, 12, 033.jpg, different, cat_different_pair2_2back, 0.0027, 1, 0.4310
2, 6, 3, cat, 6, 1, 2@, 2@, 22, 007.jpg, singleton, cat_singleton_2back, 0.0025, 1, 0.4943
2, 6, 3, cat, 7, 1, 1!, 1!, 19, 073.jpg, singleton, cat_singleton, 0.0107, 1, 0.4851
2, 6, 3, cat, 8, 1, 1!, 1!, 18, 041.jpg, singleton, cat_singleton, 0.0106, 1, 0.4312
2, 6, 3, cat, 9, 1, 1!, 1!, 13, 018.jpg, different, cat_different_pair1, 0.0104, 1, 0.5274
2, 6, 3, cat, 10, 1, 1!, 1!, 18, 041.jpg, singleton, cat_singleton_2back, 0.0102, 1, 0.4894
2, 6, 3, cat, 11, 1, 1!, 2@, 14, 006.jpg, different, cat_different_pair2, 0.0101, 0, 0.6286
2, 6, 3, cat, 12, 1, 1!, 1!, 3, 014.jpg, same, cat_same_pair1, 0.0099, 1, 0.7169
2, 6, 3, cat, 13, 1, 2@, 2@, 14, 006.jpg, different, cat_different_pair2_2back, 0.0097, 1, 0.4931
2, 6, 3, cat, 14, 1, 1!, 1!, 4, 034.jpg, same, cat_same_pair2, 0.0095, 1, 0.4682
2, 6, 3, cat, 15, 1, 1!, 1!, 15, 017.jpg, different, cat_different_pair1, 0.0094, 1, 0.4833
2, 6, 3, cat, 16, 1, 2@, 2@, 16, 050.jpg, different, cat_different_pair2, 0.0092, 1, 0.7306
2, 6, 3, cat, 17, 1, 2@, 2@, 24, 067.jpg, singleton, cat_singleton, 0.0090, 1, 0.4807
2, 6, 3, cat, 18, 1, 2@, 2@, 21, 078.jpg, singleton, cat_singleton, 0.0089, 1, 0.4640
2, 6, 3, cat, 19, 1, 2@, 2@, 7, 027.jpg, same, cat_same_pair1, 0.0087, 1, 0.5581
2, 6, 3, cat, 20, 1, 2@, 2@, 8, 003.jpg, same, cat_same_pair2, 0.0085, 1, 0.4303
2, 6, 3, cat, 21, 1, 2@, 2@, 7, 027.jpg, same, cat_same_pair1_2back, 0.0083, 1, 0.5695
2, 6, 3, cat, 22, 1, 2@, 2@, 9, 056.jpg, different, cat_different_pair1, 0.0082, 1, 0.6245
2, 6, 3, cat, 23, 1, 1!, 1!, 10, 076.jpg, different, cat_different_pair2, 0.0080, 1, 0.5426
2, 6, 3, cat, 24, 1, 1!, 1!, 20, 042.jpg, singleton, cat_singleton, 0.0078, 1, 0.6580
2, 6, 3, cat, 25, 1, 2@, 2@, 5, 070.jpg, same, cat_same_pair1, 0.0077, 1, 0.5031
2, 6, 3, cat, 26, 1, 2@, 2@, 6, 048.jpg, same, cat_same_pair2, 0.0074, 1, 0.5434
2, 6, 3, cat, 27, 1, 2@, 2@, 5, 070.jpg, same, cat_same_pair1_2back, 0.0073, 1, 0.5144
2, 6, 3, cat, 28, 1, 1!, 1!, 17, 063.jpg, singleton, cat_singleton, 0.0071, 1, 0.4327
2, 6, 3, cat, 29, 1, 1!, 1!, 1, 019.jpg, same, cat_same_pair1, 0.0070, 1, 0.5038
2, 6, 3, cat, 30, 1, 1!, 1!, 2, 087.jpg, same, cat_same_pair2, 0.0068, 1, 0.5040
2, 6, 4, nback, 1, 1, 1!, 1!, 42, 025.jpg, singleton, nback_singleton, 0.0057, 1, 0.3451
2, 6, 4, nback, 2, 1, 1!, 1!, 33, 062.jpg, different, nback_different_pair1, 0.0055, 1, 0.4641
2, 6, 4, nback, 3, 1, 2@, 1!, 34, 038.jpg, different, nback_different_pair2, 0.0053, 0, 0.4824
2, 6, 4, nback, 4, 1, 1!, 1!, 31, 011.jpg, same, nback_same_pair1, 0.0051, 1, 0.6507
2, 6, 4, nback, 5, 1, 1!, 1!, 32, 031.jpg, same, nback_same_pair2, 0.0050, 1, 0.5397
2, 6, 4, nback, 6, 1, 1!, 1!, 25, 059.jpg, same, nback_same_pair1, 0.0048, 1, 0.4930
2, 6, 4, nback, 7, 1, 1!, 1!, 26, 090.jpg, same, nback_same_pair2, 0.0046, 1, 0.4540
2, 6, 4, nback, 8, 1, 1!, 1!, 39, 081.jpg, different, nback_different_pair1, 0.0045, 1, 0.4423
2, 6, 4, nback, 9, 1, 2@, 2@, 26, 090.jpg, same, nback_same_pair2_2back, 0.0043, 1, 0.4525
2, 6, 4, nback, 10, 1, 2@, 2@, 39, 081.jpg, different, nback_different_pair1_2back, 0.0041, 1, 0.6277
2, 6, 4, nback, 11, 1, 1!, 1!, 40, 051.jpg, different, nback_different_pair2, 0.0039, 1, 0.3506
2, 6, 4, nback, 12, 1, 1!, 1!, 29, 060.jpg, same, nback_same_pair1, 0.0038, 1, 0.4088
2, 6, 4, nback, 13, 1, 1!, 1!, 30, 037.jpg, same, nback_same_pair2, 0.0036, 1, 0.4420
2, 6, 4, nback, 14, 1, 1!, 1!, 46, 092.jpg, singleton, nback_singleton, 0.0034, 1, 0.5183
2, 6, 4, nback, 15, 1, 1!, 2@, 30, 037.jpg, same, nback_same_pair2_2back, 0.0033, 0, 0.4215
2, 6, 4, nback, 16, 1, 1!, 1!, 41, 065.jpg, singleton, nback_singleton, 0.0030, 1, 0.4978
2, 6, 4, nback, 17, 1, 1!, 1!, 27, 030.jpg, same, nback_same_pair1, 0.0028, 1, 0.4369
2, 6, 4, nback, 18, 1, 1!, 2@, 41, 065.jpg, singleton, nback_singleton_2back, 0.0026, 0, 0.5022
2, 6, 4, nback, 19, 1, 1!, 2@, 27, 030.jpg, same, nback_same_pair1_2back, 0.0109, 0, 0.4749
2, 6, 4, nback, 20, 1, 1!, 1!, 28, 071.jpg, same, nback_same_pair2, 0.0107, 1, 0.4221
2, 6, 4, nback, 21, 1, 1!, 1!, 48, 012.jpg, singleton, nback_singleton, 0.0106, 1, 0.3372
2, 6, 4, nback, 22, 1, 1!, 1!, 43, 044.jpg, singleton, nback_singleton, 0.0104, 1, 0.3884
2, 6, 4, nback, 23, 1, 2@, 1!, 45, 075.jpg, singleton, nback_singleton, 0.0102, 0, 0.4666
2, 6, 4, nback, 24, 1, 1!, 1!, 44, 080.jpg, singleton, nback_singleton, 0.0100, 1, 0.5467
2, 6, 4, nback, 25, 1, 1!, 2@, 45, 075.jpg, singleton, nback_singleton_2back, 0.0099, 0, 0.7728
2, 6, 4, nback, 26, 1, 1!, 1!, 37, 093.jpg, different, nback_different_pair1, 0.0097, 1, 0.4391
2, 6, 4, nback, 27, 1, 1!, 1!, 38, 013.jpg, different, nback_different_pair2, 0.0095, 1, 0.4121
2, 6, 4, nback, 28, 1, 1!, 1!, 35, 094.jpg, different, nback_different_pair1, 0.0094, 1, 0.6692
2, 6, 4, nback, 29, 1, 1!, 1!, 36, 043.jpg, different, nback_different_pair2, 0.0092, 1, 0.5966
2, 6, 4, nback, 30, 1, 1!, 1!, 47, 055.jpg, singleton, nback_singleton, 0.0090, 1, 0.4576
2, 6, 5, cat, 1, 1, 2@, 2@, 11, 039.jpg, different, cat_different_pair1, 0.0079, 1, 0.5568
2, 6, 5, cat, 2, 1, 1!, 1!, 12, 033.jpg, different, cat_different_pair2, 0.0076, 1, 0.4520
2, 6, 5, cat, 3, 1, 1!, 1!, 17, 063.jpg, singleton, cat_singleton, 0.0076, 1, 0.4402
2, 6, 5, cat, 4, 1, 2@, 2@, 22, 007.jpg, singleton, cat_singleton, 0.0074, 1, 0.5124
2, 6, 5, cat, 5, 1, 1!, 1!, 17, 063.jpg, singleton, cat_singleton_2back, 0.0071, 1, 0.5317
2, 6, 5, cat, 6, 1, 1!, 1!, 18, 041.jpg, singleton, cat_singleton, 0.0070, 1, 0.4957
2, 6, 5, cat, 7, 1, 1!, 1!, 3, 014.jpg, same, cat_same_pair1, 0.0069, 1, 0.4987
2, 6, 5, cat, 8, 1, 1!, 1!, 4, 034.jpg, same, cat_same_pair2, 0.0067, 1, 0.5449
2, 6, 5, cat, 9, 1, 1!, 1!, 19, 073.jpg, singleton, cat_singleton, 0.0065, 1, 0.5703
2, 6, 5, cat, 10, 1, 1!, 1!, 4, 034.jpg, same, cat_same_pair2_2back, 0.0064, 1, 0.4694
2, 6, 5, cat, 11, 1, 2@, 2@, 9, 056.jpg, different, cat_different_pair1, 0.0062, 1, 0.5926
2, 6, 5, cat, 12, 1, 1!, 1!, 10, 076.jpg, different, cat_different_pair2, 0.0060, 1, 0.4797
2, 6, 5, cat, 13, 1, 1!, 1!, 1, 019.jpg, same, cat_same_pair1, 0.0058, 1, 0.4119
2, 6, 5, cat, 14, 1, 1!, 1!, 10, 076.jpg, different, cat_different_pair2_2back, 0.0056, 1, 0.3970
2, 6, 5, cat, 15, 1, 1!, 1!, 2, 087.jpg, same, cat_same_pair2, 0.0055, 1, 0.4632
2, 6, 5, cat, 16, 1, 1!, 1!, 13, 018.jpg, different, cat_different_pair1, 0.0053, 1, 0.5233
2, 6, 5, cat, 17, 1, 1!, 2@, 14, 006.jpg, different, cat_different_pair2, 0.0051, 0, 0.4617
2, 6, 5, cat, 18, 1, 1!, 1!, 13, 018.jpg, different, cat_different_pair1_2back, 0.0050, 1, 0.4856
2, 6, 5, cat, 19, 1, 2@, 2@, 24, 067.jpg, singleton, cat_singleton, 0.0048, 1, 0.5089
2, 6, 5, cat, 20, 1, 2@, 2@, 5, 070.jpg, same, cat_same_pair1, 0.0046, 1, 0.5009
2, 6, 5, cat, 21, 1, 2@, 2@, 24, 067.jpg, singleton, cat_singleton_2back, 0.0045, 1, 0.4523
2, 6, 5, cat, 22, 1, 2@, 2@, 6, 048.jpg, same, cat_same_pair2, 0.0043, 1, 0.4993
2, 6, 5, cat, 23, 1, 2@, 2@, 21, 078.jpg, singleton, cat_singleton, 0.0041, 1, 0.7147
2, 6, 5, cat, 24, 1, 1!, 1!, 15, 017.jpg, different, cat_different_pair1, 0.0039, 1, 0.5306
2, 6, 5, cat, 25, 1, 1!, 2@, 16, 050.jpg, different, cat_different_pair2, 0.0038, 0, 0.4118
2, 6, 5, cat, 26, 1, 1!, 1!, 15, 017.jpg, different, cat_different_pair1_2back, 0.0036, 1, 0.4780
2, 6, 5, cat, 27, 1, 2@, 2@, 7, 027.jpg, same, cat_same_pair1, 0.0034, 1, 0.6123
2, 6, 5, cat, 28, 1, 2@, 2@, 8, 003.jpg, same, cat_same_pair2, 0.0032, 1, 0.4645
2, 6, 5, cat, 29, 1, 2@, 2@, 23, 058.jpg, singleton, cat_singleton, 0.0031, 1, 0.4716
2, 6, 5, cat, 30, 1, 2@, 1!, 20, 042.jpg, singleton, cat_singleton, 0.0028, 0, 0.5138
2, 6, 6, nback, 1, 1, 1!, 1!, 31, 011.jpg, same, nback_same_pair1, 0.0101, 1, 0.5686
2, 6, 6, nback, 2, 1, 1!, 1!, 32, 031.jpg, same, nback_same_pair2, 0.0099, 1, 0.4718
2, 6, 6, nback, 3, 1, 1!, 1!, 45, 075.jpg, singleton, nback_singleton, 0.0098, 1, 0.4068
2, 6, 6, nback, 4, 1, 2@, 2@, 32, 031.jpg, same, nback_same_pair2_2back, 0.0095, 1, 0.4220
2, 6, 6, nback, 5, 1, 1!, 1!, 35, 094.jpg, different, nback_different_pair1, 0.0094, 1, 0.4204
2, 6, 6, nback, 6, 1, 1!, 1!, 36, 043.jpg, different, nback_different_pair2, 0.0093, 1, 0.4244
2, 6, 6, nback, 7, 1, 1!, 1!, 27, 030.jpg, same, nback_same_pair1, 0.0091, 1, 0.4097
2, 6, 6, nback, 8, 1, 1!, 1!, 28, 071.jpg, same, nback_same_pair2, 0.0089, 1, 0.4116
2, 6, 6, nback, 9, 1, 1!, 1!, 41, 065.jpg, singleton, nback_singleton, 0.0087, 1, 0.4328
2, 6, 6, nback, 10, 1, 2@, 2@, 28, 071.jpg, same, nback_same_pair2_2back, 0.0086, 1, 0.4359
2, 6, 6, nback, 11, 1, 1!, 1!, 25, 059.jpg, same, nback_same_pair1, 0.0084, 1, 0.3781
2, 6, 6, nback, 12, 1, 1!, 1!, 26, 090.jpg, same, nback_same_pair2, 0.0082, 1, 0.4245
2, 6, 6, nback, 13, 1, 1!, 1!, 48, 012.jpg, singleton, nback_singleton, 0.0080, 1, 0.4847
2, 6, 6, nback, 14, 1, 1!, 1!, 39, 081.jpg, different, nback_different_pair1, 0.0079, 1, 0.4499
2, 6, 6, nback, 15, 1, 1!, 1!, 40, 051.jpg, different, nback_different_pair2, 0.0077, 1, 0.4870
2, 6, 6, nback, 16, 1, 1!, 1!, 46, 092.jpg, singleton, nback_singleton, 0.0075, 1, 0.4422
2, 6, 6, nback, 17, 1, 1!, 1!, 44, 080.jpg, singleton, nback_singleton, 0.0074, 1, 0.4531
2, 6, 6, nback, 18, 1, 1!, 1!, 29, 060.jpg, same, nback_same_pair1, 0.0072, 1, 0.4625
2, 6, 6, nback, 19, 1, 1!, 1!, 30, 037.jpg, same, nback_same_pair2, 0.0070, 1, 0.4816
2, 6, 6, nback, 20, 1, 1!, 1!, 42, 025.jpg, singleton, nback_singleton, 0.0068, 1, 0.4059
2, 6, 6, nback, 21, 1, 1!, 1!, 33, 062.jpg, different, nback_different_pair1, 0.0067, 1, 0.4280
2, 6, 6, nback, 22, 1, 1!, 2@, 42, 025.jpg, singleton, nback_singleton_2back, 0.0065, 0, 0.7732
2, 6, 6, nback, 23, 1, 2@, 2@, 33, 062.jpg, different, nback_different_pair1_2back, 0.0063, 1, 0.7074
2, 6, 6, nback, 24, 1, 1!, 1!, 34, 038.jpg, different, nback_different_pair2, 0.0062, 1, 0.6425
2, 6, 6, nback, 25, 1, 1!, 1!, 43, 044.jpg, singleton, nback_singleton, 0.0060, 1, 0.4177
2, 6, 6, nback, 26, 1, 1!, 1!, 37, 093.jpg, different, nback_different_pair1, 0.0058, 1, 0.4110
2, 6, 6, nback, 27, 1, 2@, 2@, 43, 044.jpg, singleton, nback_singleton_2back, 0.0056, 1, 0.3740
2, 6, 6, nback, 28, 1, 1!, 2@, 37, 093.jpg, different, nback_different_pair1_2back, 0.0055, 0, 0.4791
2, 6, 6, nback, 29, 1, 1!, 1!, 38, 013.jpg, different, nback_different_pair2, 0.0053, 1, 0.4484
2, 6, 6, nback, 30, 1, 1!, 1!, 47, 055.jpg, singleton, nback_singleton, 0.0051, 1, 0.4147
2, 6, 7, cat, 1, 1, 1!, 1!, 18, 041.jpg, singleton, cat_singleton, 0.0040, 1, 0.5076
2, 6, 7, cat, 2, 1, 1!, 1!, 20, 042.jpg, singleton, cat_singleton, 0.0038, 1, 0.4591
2, 6, 7, cat, 3, 1, 2@, 2@, 24, 067.jpg, singleton, cat_singleton, 0.0037, 1, 0.5219
2, 6, 7, cat, 4, 1, 1!, 1!, 20, 042.jpg, singleton, cat_singleton_2back, 0.0035, 1, 0.5230
2, 6, 7, cat, 5, 1, 2@, 2@, 22, 007.jpg, singleton, cat_singleton, 0.0033, 1, 0.4832
2, 6, 7, cat, 6, 1, 1!, 1!, 1, 019.jpg, same, cat_same_pair1, 0.0031, 1, 0.4914
2, 6, 7, cat, 7, 1, 1!, 1!, 2, 087.jpg, same, cat_same_pair2, 0.0029, 1, 0.4897
2, 6, 7, cat, 8, 1, 2@, 2@, 21, 078.jpg, singleton, cat_singleton, 0.0027, 1, 0.5450
2, 6, 7, cat, 9, 1, 1!, 1!, 2, 087.jpg, same, cat_same_pair2_2back, 0.0025, 1, 0.4920
2, 6, 7, cat, 10, 1, 2@, 2@, 21, 078.jpg, singleton, cat_singleton_2back, 0.0108, 1, 0.4988
2, 6, 7, cat, 11, 1, 2@, 2@, 5, 070.jpg, same, cat_same_pair1, 0.0106, 1, 0.4491
2, 6, 7, cat, 12, 1, 2@, 2@, 6, 048.jpg, same, cat_same_pair2, 0.0104, 1, 0.4972
2, 6, 7, cat, 13, 1, 2@, 2@, 7, 027.jpg, same, cat_same_pair1, 0.0103, 1, 0.5094
2, 6, 7, cat, 14, 1, 2@, 2@, 8, 003.jpg, same, cat_same_pair2, 0.0101, 1, 0.4505
2, 6, 7, cat, 15, 1, 2@, 2@, 9, 056.jpg, different, cat_different_pair1, 0.0099, 1, 0.5326
2, 6, 7, cat, 16, 1, 1!, 1!, 10, 076.jpg, different, cat_different_pair2, 0.0098, 1, 0.4829
2, 6, 7, cat, 17, 1, 2@, 2@, 9, 056.jpg, different, cat_different_pair1_2back, 0.0096, 1, 0.5561
2, 6, 7, cat, 18, 1, 2@, 2@, 23, 058.jpg, singleton, cat_singleton, 0.0094, 1, 0.4562
2, 6, 7, cat, 19, 1, 2@, 2@, 11, 039.jpg, different, cat_different_pair1, 0.0092, 1, 0.5364
2, 6, 7, cat, 20, 1, 1!, 1!, 12, 033.jpg, different, cat_different_pair2, 0.0091, 1, 0.4694
2, 6, 7, cat, 21, 1, 2@, 2@, 11, 039.jpg, different, cat_different_pair1_2back, 0.0089, 1, 0.5278
2, 6, 7, cat, 22, 1, 1!, 1!, 15, 017.jpg, different, cat_different_pair1, 0.0087, 1, 0.5130
2, 6, 7, cat, 23, 1, 1!, 2@, 16, 050.jpg, different, cat_different_pair2, 0.0086, 0, 0.6959
2, 6, 7, cat, 24, 1, 1!, 1!, 3, 014.jpg, same, cat_same_pair1, 0.0084, 1, 0.5912
2, 6, 7, cat, 25, 1, 2@, 2@, 16, 050.jpg, different, cat_different_pair2_2back, 0.0082, 1, 0.5815
2, 6, 7, cat, 26, 1, 1!, 1!, 4, 034.jpg, same, cat_same_pair2, 0.0080, 1, 0.4997
2, 6, 7, cat, 27, 1, 1!, 1!, 19, 073.jpg, singleton, cat_singleton, 0.0079, 1, 0.5286
2, 6, 7, cat, 28, 1, 1!, 1!, 13, 018.jpg, different, cat_different_pair1, 0.0077, 1, 0.5210
2, 6, 7, cat, 29, 1, 2@, 2@, 14, 006.jpg, different, cat_different_pair2, 0.0075, 1, 0.6382
2, 6, 7, cat, 30, 1, 1!, 1!, 17, 063.jpg, singleton, cat_singleton, 0.0074, 1, 0.5633
2, 6, 8, nback, 1, 1, 1!, 1!, 47, 055.jpg, singleton, nback_singleton, 0.0062, 1, 0.5665
2, 6, 8, nback, 2, 1, 1!, 1!, 27, 030.jpg, same, nback_same_pair1, 0.0061, 1, 0.3946
2, 6, 8, nback, 3, 1, 2@, 2@, 47, 055.jpg, singleton, nback_singleton_2back, 0.0059, 1, 0.4978
2, 6, 8, nback, 4, 1, 1!, 1!, 28, 071.jpg, same, nback_same_pair2, 0.0057, 1, 0.3970
2, 6, 8, nback, 5, 1, 1!, 1!, 46, 092.jpg, singleton, nback_singleton, 0.0055, 1, 0.4572
2, 6, 8, nback, 6, 1, 1!, 1!, 42, 025.jpg, singleton, nback_singleton, 0.0054, 1, 0.4641
2, 6, 8, nback, 7, 1, 1!, 1!, 41, 065.jpg, singleton, nback_singleton, 0.0052, 1, 0.4134
2, 6, 8, nback, 8, 1, 1!, 1!, 39, 081.jpg, different, nback_different_pair1, 0.0050, 1, 0.6485
2, 6, 8, nback, 9, 1, 1!, 1!, 40, 051.jpg, different, nback_different_pair2, 0.0049, 1, 0.5487
2, 6, 8, nback, 10, 1, 1!, 1!, 44, 080.jpg, singleton, nback_singleton, 0.0047, 1, 0.5098
2, 6, 8, nback, 11, 1, 1!, 1!, 45, 075.jpg, singleton, nback_singleton, 0.0045, 1, 0.4982
2, 6, 8, nback, 12, 1, 2@, 2@, 44, 080.jpg, singleton, nback_singleton_2back, 0.0043, 1, 0.5023
2, 6, 8, nback, 13, 1, 1!, 1!, 31, 011.jpg, same, nback_same_pair1, 0.0042, 1, 0.4253
2, 6, 8, nback, 14, 1, 1!, 1!, 32, 031.jpg, same, nback_same_pair2, 0.0039, 1, 0.4137
2, 6, 8, nback, 15, 1, 2@, 2@, 31, 011.jpg, same, nback_same_pair1_2back, 0.0038, 1, 0.4458
2, 6, 8, nback, 16, 1, 1!, 1!, 33, 062.jpg, different, nback_different_pair1, 0.0037, 1, 0.5640
2, 6, 8, nback, 17, 1, 1!, 1!, 34, 038.jpg, different, nback_different_pair2, 0.0034, 1, 0.4903
2, 6, 8, nback, 18, 1, 1!, 1!, 43, 044.jpg, singleton, nback_singleton, 0.0032, 1, 0.7674
2, 6, 8, nback, 19, 1, 1!, 1!, 25, 059.jpg, same, nback_same_pair1, 0.0031, 1, 0.4693
2, 6, 8, nback, 20, 1, 1!, 1!, 26, 090.jpg, same, nback_same_pair2, 0.0113, 1, 0.4464
2, 6, 8, nback, 21, 1, 2@, 2@, 25, 059.jpg, same, nback_same_pair1_2back, 0.0027, 1, 0.4660
2, 6, 8, nback, 22, 1, 1!, 1!, 48, 012.jpg, singleton, nback_singleton, 0.0109, 1, 0.4767
2, 6, 8, nback, 23, 1, 1!, 1!, 37, 093.jpg, different, nback_different_pair1, 0.0108, 1, 0.4749
2, 6, 8, nback, 24, 1, 1!, 1!, 38, 013.jpg, different, nback_different_pair2, 0.0106, 1, 0.4698
2, 6, 8, nback, 25, 1, 1!, 1!, 35, 094.jpg, different, nback_different_pair1, 0.0104, 1, 0.5561
2, 6, 8, nback, 26, 1, 2@, 2@, 38, 013.jpg, different, nback_different_pair2_2back, 0.0103, 1, 0.5402
2, 6, 8, nback, 27, 1, 1!, 1!, 36, 043.jpg, different, nback_different_pair2, 0.0101, 1, 0.4566
2, 6, 8, nback, 28, 1, 1!, 1!, 29, 060.jpg, same, nback_same_pair1, 0.0099, 1, 0.3877
2, 6, 8, nback, 29, 1, 2@, 2@, 36, 043.jpg, different, nback_different_pair2_2back, 0.0097, 1, 0.6769
2, 6, 8, nback, 30, 1, 1!, 1!, 30, 037.jpg, same, nback_same_pair2, 0.0095, 1, 0.4830
