2, 3, 1, nback, 1, 0, , 1!, 31, 011.jpg, same, nback_same_pair1, 0.0120, 0, -1.0000
2, 3, 1, nback, 2, 1, 1!, 1!, 32, 031.jpg, same, nback_same_pair2, 0.0142, 1, 0.7055
2, 3, 1, nback, 3, 1, 2@, 1!, 48, 012.jpg, singleton, nback_singleton, 0.0162, 0, 0.6553
2, 3, 1, nback, 4, 1, 1!, 1!, 45, 075.jpg, singleton, nback_singleton, 0.0014, 1, 0.6062
2, 3, 1, nback, 5, 1, 1!, 1!, 37, 093.jpg, different, nback_different_pair1, 0.0035, 1, 0.6922
2, 3, 1, nback, 6, 1, 1!, 1!, 38, 013.jpg, different, nback_different_pair2, 0.0055, 1, 0.5700
2, 3, 1, nback, 7, 1, 1!, 1!, 39, 081.jpg, different, nback_different_pair1, 0.0075, 1, 0.5760
2, 3, 1, nback, 8, 1, 1!, 1!, 40, 051.jpg, different, nback_different_pair2, 0.0095, 1, 0.4938
2, 3, 1, nback, 9, 1, 1!, 1!, 43, 044.jpg, singleton, nback_singleton, 0.0114, 1, 0.5642
2, 3, 1, nback, 10, 1, 1!, 1!, 35, 094.jpg, different, nback_different_pair1, 0.0135, 1, 0.5061
2, 3, 1, nback, 11, 1, 1!, 1!, 36, 043.jpg, different, nback_different_pair2, 0.0154, 1, 0.4883
2, 3, 1, nback, 12, 1, 1!, 1!, 44, 080.jpg, singleton, nback_singleton, 0.0175, 1, 0.4622
2, 3, 1, nback, 13, 1, 2@, 2@, 36, 043.jpg, different, nback_different_pair2_2back, 0.0027, 1, 0.5008
2, 3, 1, nback, 14, 1, 1!, 1!, 46, 092.jpg, singleton, nback_singleton, 0.0048, 1, 0.4667
2, 3, 1, nback, 15, 1, 1!, 1!, 33, 062.jpg, different, nback_different_pair1, 0.0068, 1, 0.5285
2, 3, 1, nback, 16, 1, 2@, 1!, 34, 038.jpg, different, nback_different_pair2, 0.0088, 0, 0.6068
2, 3, 1, nback, 17, 1, 2@, 2@, 33, 062.jpg, different, nback_different_pair1_2back, 0.0108, 1, 0.5729
2, 3, 1, nback, 18, 1, 1!, 1!, 41, 065.jpg, singleton, nback_singleton, 0.0128, 1, 0.4587
2, 3, 1, nback, 19, 1, 1!, 1!, 47, 055.jpg, singleton, nback_singleton, 0.0148, 1, 0.4965
2, 3, 1, nback, 20, 1, 2@, 2@, 41, 065.jpg, singleton, nback_singleton_2back, 0.0168, 1, 0.8066
2, 3, 1, nback, 21, 1, 1!, 1!, 27, 030.jpg, same, nback_same_pair1, 0.0021, 1, 0.4856
2, 3, 1, nback, 22, 1, 1!, 1!, 28, 071.jpg, same, nback_same_pair2, 0.0041, 1, 0.4756
2, 3, 1, nback, 23, 1, 2@, 2@, 27, 030.jpg, same, nback_same_pair1_2back, 0.0059, 1, 0.6336
2, 3, 1, nback, 24, 1, 1!, 1!, 42, 025.jpg, singleton, nback_singleton, 0.0081, 1, 0.6472
2, 3, 1, nback, 25, 1, 1!, 1!, 25, 059.jpg, same, nback_same_pair1, 0.0099, 1, 0.6135
2, 3, 1, nback, 26, 1, 2@, 2@, 42, 025.jpg, singleton, nback_singleton_2back, 0.0119, 1, 0.6038
2, 3, 1, nback, 27, 1, 1!, 1!, 26, 090.jpg, same, nback_same_pair2, 0.0141, 1, 0.4655
2, 3, 1, nback, 28, 1, 1!, 1!, 29, 060.jpg, same, nback_same_pair1, 0.0159, 1, 0.4479
2, 3, 1, nback, 29, 1, 2@, 2@, 26, 090.jpg, same, nback_same_pair2_2back, 0.0014, 1, 0.5103
2, 3, 1, nback, 30, 1, 1!, 1!, 30, 037.jpg, same, nback_same_pair2, 0.0034, 1, 0.3482
2, 3, 2, cat, 1, 1, 1!, 2@, 23, 058.jpg, singleton, cat_singleton, 0.0164, 0, 0.7192
2, 3, 2, cat, 2, 1, 2@, 1!, 20, 042.jpg, singleton, cat_singleton, 0.0017, 0, 0.7015
2, 3, 2, cat, 3, 1, 2@, 2@, 23, 058.jpg, singleton, cat_singleton_2back, 0.0037, 1, 0.5001
2, 3, 2, cat, 4, 1, 2@, 2@, 5, 070.jpg, same, cat_same_pair1, 0.0057, 1, 0.5458
2, 3, 2, cat, 5, 1, 1!, 2@, 6, 048.jpg, same, cat_same_pair2, 0.0074, 0, 0.6960
2, 3, 2, cat, 6, 1, 2@, 2@, 5, 070.jpg, same, cat_same_pair1_2back, 0.0097, 1, 0.5415
2, 3, 2, cat, 7, 1, 2@, 2@, 9, 056.jpg, different, cat_different_pair1, 0.0117, 1, 0.7878
2, 3, 2, cat, 8, 1, 1!, 1!, 10, 076.jpg, different, cat_different_pair2, 0.0137, 1, 0.7377
2, 3, 2, cat, 9, 1, 1!, 1!, 3, 014.jpg, same, cat_same_pair1, 0.0157, 1, 0.7679
2, 3, 2, cat, 10, 1, 1!, 1!, 4, 034.jpg, same, cat_same_pair2, 0.0176, 1, 0.7180
2, 3, 2, cat, 11, 1, 2@, 2@, 24, 067.jpg, singleton, cat_singleton, 0.0030, 1, 0.5325
2, 3, 2, cat, 12, 1, 1!, 1!, 19, 073.jpg, singleton, cat_singleton, 0.0050, 1, 0.5226
2, 3, 2, cat, 13, 1, 1!, 1!, 1, 019.jpg, same, cat_same_pair1, 0.0070, 1, 0.4402
2, 3, 2, cat, 14, 1, 1!, 1!, 2, 087.jpg, same, cat_same_pair2, 0.0090, 1, 0.5502
2, 3, 2, cat, 15, 1, 1!, 1!, 1, 019.jpg, same, cat_same_pair1_2back, 0.0109, 1, 0.4927
2, 3, 2, cat, 16, 1, 2@, 1!, 18, 041.jpg, singleton, cat_singleton, 0.0130, 0, 0.6345
2, 3, 2, cat, 17, 1, 1!, 1!, 13, 018.jpg, different, cat_different_pair1, 0.0150, 1, 0.6647
2, 3, 2, cat, 18, 1, 1!, 2@, 14, 006.jpg, different, cat_different_pair2, 0.0170, 0, 0.7425
2, 3, 2, cat, 19, 0, , 2@, 7, 027.jpg, same, cat_same_pair1, 0.0023, 0, -1.0000
2, 3, 2, cat, 20, 1, 2@, 2@, 14, 006.jpg, different, cat_different_pair2_2back, 0.0043, 1, 0.7472
2, 3, 2, cat, 21, 1, 2@, 2@, 8, 003.jpg, same, cat_same_pair2, 0.0063, 1, 0.6731
2, 3, 2, cat, 22, 1, 2@, 2@, 21, 078.jpg, singleton, cat_singleton, 0.0083, 1, 0.5754
2, 3, 2, cat, 23, 1, 2@, 2@, 8, 003.jpg, same, cat_same_pair2_2back, 0.0103, 1, 0.5089
2, 3, 2, cat, 24, 1, 1!, 2@, 21, 078.jpg, singleton, cat_singleton_2back, 0.0123, 0, 0.5392
2, 3, 2, cat, 25, 1, 2@, 2@, 11, 039.jpg, different, cat_different_pair1, 0.0143, 1, 0.9371
2, 3, 2, cat, 26, 1, 2@, 1!, 12, 033.jpg, different, cat_different_pair2, 0.0163, 0, 0.4712
2, 3, 2, cat, 27, 1, 1!, 1!, 17, 063.jpg, singleton, cat_singleton, 0.0016, 1, 0.5420
2, 3, 2, cat, 28, 1, 2@, 2@, 22, 007.jpg, singleton, cat_singleton, 0.0036, 1, 0.5556
2, 3, 2, cat, 29, 1, 1!, 1!, 15, 017.jpg, different, cat_different_pair1, 0.0056, 1, 0.5299
2, 3, 2, cat, 30, 1, 2@, 2@, 16, 050.jpg, different, cat_different_pair2, 0.0076, 1, 0.6721
2, 3, 3, nback, 1, 1, 1!, 1!, 35, 094.jpg, different, nback_different_pair1, 0.0039, 1, 0.7636
2, 3, 3, nback, 2, 1, 1!, 1!, 36, 043.jpg, different, nback_different_pair2, 0.0058, 1, 0.3696
2, 3, 3, nback, 3, 1, 1!, 1!, 42, 025.jpg, singleton, nback_singleton, 0.0079, 1, 0.4472
2, 3, 3, nback, 4, 1, 1!, 1!, 29, 060.jpg, same, nback_same_pair1, 0.0099, 1, 0.4695
2, 3, 3, nback, 5, 1, 1!, 1!, 30, 037.jpg, same, nback_same_pair2, 0.0117, 1, 0.4837
2, 3, 3, nback, 6, 1, 1!, 1!, 25, 059.jpg, same, nback_same_pair1, 0.0139, 1, 0.6253
2, 3, 3, nback, 7, 1, 1!, 1!, 26, 090.jpg, same, nback_same_pair2, 0.0159, 1, 0.4872
2, 3, 3, nback, 8, 1, 2@, 2@, 25, 059.jpg, same, nback_same_pair1_2back, 0.0179, 1, 0.4937
2, 3, 3, nback, 9, 1, 1!, 1!, 46, 092.jpg, singleton, nback_singleton, 0.0032, 1, 0.5483
2, 3, 3, nback, 10, 1, 1!, 1!, 31, 011.jpg, same, nback_same_pair1, 0.0051, 1, 0.4824
2, 3, 3, nback, 11, 1, 1!, 1!, 32, 031.jpg, same, nback_same_pair2, 0.0072, 1, 0.5283
2, 3, 3, nback, 12, 1, 1!, 1!, 48, 012.jpg, singleton, nback_singleton, 0.0092, 1, 0.5659
2, 3, 3, nback, 13, 1, 1!, 2@, 32, 031.jpg, same, nback_same_pair2_2back, 0.0112, 0, 0.5482
2, 3, 3, nback, 14, 1, 1!, 1!, 43, 044.jpg, singleton, nback_singleton, 0.0132, 1, 0.4982
2, 3, 3, nback, 15, 1, 1!, 1!, 27, 030.jpg, same, nback_same_pair1, 0.0151, 1, 0.4881
2, 3, 3, nback, 16, 1, 2@, 2@, 43, 044.jpg, singleton, nback_singleton_2back, 0.0170, 1, 0.5661
2, 3, 3, nback, 17, 1, 1!, 1!, 28, 071.jpg, same, nback_same_pair2, 0.0025, 1, 0.4050
2, 3, 3, nback, 18, 1, 1!, 1!, 45, 075.jpg, singleton, nback_singleton, 0.0045, 1, 0.4669
2, 3, 3, nback, 19, 1, 1!, 1!, 41, 065.jpg, singleton, nback_singleton, 0.0065, 1, 0.5369
2, 3, 3, nback, 20, 1, 2@, 2@, 45, 075.jpg, singleton, nback_singleton_2back, 0.0082, 1, 0.4873
2, 3, 3, nback, 21, 1, 1!, 1!, 44, 080.jpg, singleton, nback_singleton, 0.0105, 1, 0.4769
2, 3, 3, nback, 22, 1, 1!, 1!, 33, 062.jpg, different, nback_different_pair1, 0.0125, 1, 0.5070
2, 3, 3, nback, 23, 1, 2@, 1!, 34, 038.jpg, different, nback_different_pair2, 0.0145, 0, 0.7369
2, 3, 3, nback, 24, 1, 1!, 1!, 39, 081.jpg, different, nback_different_pair1, 0.0165, 1, 0.6150
2, 3, 3, nback, 25, 1, 1!, 2@, 34, 038.jpg, different, nback_different_pair2_2back, 0.0018, 0, 0.7733
2, 3, 3, nback, 26, 0, , 1!, 40, 051.jpg, different, nback_different_pair2, 0.0038, 0, -1.0000
2, 3, 3, nback, 27, 1, 1!, 1!, 37, 093.jpg, different, nback_different_pair1, 0.0058, 1, 0.4972
2, 3, 3, nback, 28, 1, 1!, 1!, 38, 013.jpg, different, nback_different_pair2, 0.0078, 1, 0.3596
2, 3, 3, nback, 29, 1, 2@, 2@, 37, 093.jpg, different, nback_different_pair1_2back, 0.0098, 1, 0.4696
2, 3, 3, nback, 30, 1, 1!, 1!, 47, 055.jpg, singleton, nback_singleton, 0.0118, 1, 0.4517
2, 3, 4, cat, 1, 1, 2@, 2@, 7, 027.jpg, same, cat_same_pair1, 0.0081, 1, 0.7913
2, 3, 4, cat, 2, 1, 2@, 2@, 8, 003.jpg, same, cat_same_pair2, 0.0101, 1, 0.5733
2, 3, 4, cat, 3, 1, 2@, 2@, 7, 027.jpg, same, cat_same_pair1_2back, 0.0120, 1, 0.5951
2, 3, 4, cat, 4, 1, 2@, 2@, 11, 039.jpg, different, cat_different_pair1, 0.0141, 1, 0.5290
2, 3, 4, cat, 5, 1, 1!, 1!, 12, 033.jpg, different, cat_different_pair2, 0.0161, 1, 0.6631
2, 3, 4, cat, 6, 1, 1!, 1!, 18, 041.jpg, singleton, cat_singleton, 0.0013, 1, 0.6537
2, 3, 4, cat, 7, 1, 1!, 1!, 12, 033.jpg, different, cat_different_pair2_2back, 0.0034, 1, 0.5639
2, 3, 4, cat, 8, 1, 2@, 2@, 21, 078.jpg, singleton, cat_singleton, 0.0054, 1, 0.5620
2, 3, 4, cat, 9, 1, 1!, 1!, 17, 063.jpg, singleton, cat_singleton, 0.0074, 1, 0.4800
2, 3, 4, cat, 10, 1, 1!, 1!, 3, 014.jpg, same, cat_same_pair1, 0.0094, 1, 0.7021
2, 3, 4, cat, 11, 1, 2@, 1!, 4, 034.jpg, same, cat_same_pair2, 0.0114, 0, 0.6921
2, 3, 4, cat, 12, 1, 2@, 2@, 23, 058.jpg, singleton, cat_singleton, 0.0134, 1, 0.5941
2, 3, 4, cat, 13, 1, 1!, 1!, 15, 017.jpg, different, cat_different_pair1, 0.0153, 1, 0.5202
2, 3, 4, cat, 14, 1, 1!, 2@, 16, 050.jpg, different, cat_different_pair2, 0.0174, 0, 0.5420
2, 3, 4, cat, 15, 1, 1!, 1!, 15, 017.jpg, different, cat_different_pair1_2back, 0.0027, 1, 0.4288
2, 3, 4, cat, 16, 1, 1!, 1!, 20, 042.jpg, singleton, cat_singleton, 0.0047, 1, 0.6506
2, 3, 4, cat, 17, 1, 2@, 2@, 22, 007.jpg, singleton, cat_singleton, 0.0067, 1, 0.4806
2, 3, 4, cat, 18, 1, 2@, 2@, 24, 067.jpg, singleton, cat_singleton, 0.0087, 1, 0.6148
2, 3, 4, cat, 19, 1, 2@, 2@, 22, 007.jpg, singleton, cat_singleton_2back, 0.0107, 1, 0.4924
2, 3, 4, cat, 20, 1, 1!, 1!, 13, 018.jpg, different, cat_different_pair1, 0.0127, 1, 0.5063
2, 3, 4, cat, 21, 1, 2@, 2@, 14, 006.jpg, different, cat_different_pair2, 0.0147, 1, 0.6085
2, 3, 4, cat, 22, 1, 1!, 2@, 9, 056.jpg, different, cat_different_pair1, 0.0167, 0, 0.5028
2, 3, 4, cat, 23, 1, 1!, 1!, 10, 076.jpg, different, cat_different_pair2, 0.0020, 1, 0.5813
2, 3, 4, cat, 24, 1, 2@, 2@, 5, 070.jpg, same, cat_same_pair1, 0.0040, 1, 0.7710
2, 3, 4, cat, 25, 1, 1!, 1!, 10, 076.jpg, different, cat_different_pair2_2back, 0.0060, 1, 0.6810
2, 3, 4, cat, 26, 1, 1!, 2@, 6, 048.jpg, same, cat_same_pair2, 0.0080, 0, 0.7354
2, 3, 4, cat, 27, 1, 1!, 1!, 19, 073.jpg, singleton, cat_singleton, 0.0100, 1, 0.5250
2, 3, 4, cat, 28, 1, 1!, 1!, 1, 019.jpg, same, cat_same_pair1, 0.0120, 1, 0.4672
2, 3, 4, cat, 29, 1, 1!, 1!, 19, 073.jpg, singleton, cat_singleton_2back, 0.0140, 1, 0.5055
2, 3, 4, cat, 30, 1, 1!, 1!, 2, 087.jpg, same, cat_same_pair2, 0.0160, 1, 0.5353
2, 3, 5, nback, 1, 1, 1!, 1!, 42, 025.jpg, singleton, nback_singleton, 0.0123, 1, 0.7948
2, 3, 5, nback, 2, 1, 1!, 1!, 48, 012.jpg, singleton, nback_singleton, 0.0143, 1, 0.4010
2, 3, 5, nback, 3, 1, 1!, 1!, 47, 055.jpg, singleton, nback_singleton, 0.0163, 1, 0.4067
2, 3, 5, nback, 4, 1, 1!, 1!, 46, 092.jpg, singleton, nback_singleton, 0.0016, 1, 0.4695
2, 3, 5, nback, 5, 1, 2@, 2@, 47, 055.jpg, singleton, nback_singleton_2back, 0.0036, 1, 0.6436
2, 3, 5, nback, 6, 1, 2@, 2@, 46, 092.jpg, singleton, nback_singleton_2back, 0.0056, 1, 0.4094
2, 3, 5, nback, 7, 1, 1!, 1!, 29, 060.jpg, same, nback_same_pair1, 0.0076, 1, 0.2637
2, 3, 5, nback, 8, 1, 1!, 1!, 30, 037.jpg, same, nback_same_pair2, 0.0096, 1, 0.4218
2, 3, 5, nback, 9, 1, 2@, 2@, 29, 060.jpg, same, nback_same_pair1_2back, 0.0116, 1, 0.5634
2, 3, 5, nback, 10, 1, 1!, 1!, 37, 093.jpg, different, nback_different_pair1, 0.0136, 1, 0.3454
2, 3, 5, nback, 11, 1, 1!, 1!, 38, 013.jpg, different, nback_different_pair2, 0.0156, 1, 0.4716
2, 3, 5, nback, 12, 1, 1!, 1!, 25, 059.jpg, same, nback_same_pair1, 0.0176, 1, 0.4778
2, 3, 5, nback, 13, 1, 2@, 2@, 38, 013.jpg, different, nback_different_pair2_2back, 0.0029, 1, 0.6044
2, 3, 5, nback, 14, 1, 1!, 1!, 26, 090.jpg, same, nback_same_pair2, 0.0050, 1, 0.6182
2, 3, 5, nback, 15, 1, 1!, 1!, 33, 062.jpg, different, nback_different_pair1, 0.0069, 1, 0.5041
2, 3, 5, nback, 16, 1, 1!, 1!, 34, 038.jpg, different, nback_different_pair2, 0.0089, 1, 0.4866
2, 3, 5, nback, 17, 1, 1!, 1!, 31, 011.jpg, same, nback_same_pair1, 0.0109, 1, 0.4604
2, 3, 5, nback, 18, 1, 1!, 1!, 32, 031.jpg, same, nback_same_pair2, 0.0129, 1, 0.5624
2, 3, 5, nback, 19, 1, 1!, 1!, 27, 030.jpg, same, nback_same_pair1, 0.0149, 1, 0.5841
2, 3, 5, nback, 20, 1, 1!, 1!, 28, 071.jpg, same, nback_same_pair2, 0.0167, 1, 0.4545
2, 3, 5, nback, 21, 1, 1!, 1!, 41, 065.jpg, singleton, nback_singleton, 0.0022, 1, 0.4611
2, 3, 5, nback, 22, 1, 1!, 2@, 28, 071.jpg, same, nback_same_pair2_2back, 0.0042, 0, 0.5148
2, 3, 5, nback, 23, 1, 1!, 1!, 44, 080.jpg, singleton, nback_singleton, 0.0062, 1, 0.4888
2, 3, 5, nback, 24, 1, 1!, 1!, 39, 081.jpg, different, nback_different_pair1, 0.0082, 1, 0.5350
2, 3, 5, nback, 25, 1, 1!, 1!, 40, 051.jpg, different, nback_different_pair2, 0.0102, 1, 0.5648
2, 3, 5, nback, 26, 1, 2@, 2@, 39, 081.jpg, different, nback_different_pair1_2back, 0.0122, 1, 0.7630
2, 3, 5, nback, 27, 1, 1!, 1!, 43, 044.jpg, singleton, nback_singleton, 0.0142, 1, 0.5531
2, 3, 5, nback, 28, 1, 1!, 1!, 45, 075.jpg, singleton, nback_singleton, 0.0162, 1, 0.5031
2, 3, 5, nback, 29, 1, 1!, 1!, 35, 094.jpg, different, nback_different_pair1, 0.0015, 1, 0.5177
2, 3, 5, nback, 30, 1, 1!, 1!, 36, 043.jpg, different, nback_different_pair2, 0.0035, 1, 0.5955
2, 3, 6, cat, 1, 1, 2@, 2@, 11, 039.jpg, different, cat_different_pair1, 0.0165, 1, 0.8465
2, 3, 6, cat, 2, 1, 1!, 1!, 12, 033.jpg, different, cat_different_pair2, 0.0018, 1, 0.6853
2, 3, 6, cat, 3, 1, 2@, 2@, 11, 039.jpg, different, cat_different_pair1_2back, 0.0038, 1, 0.5474
2, 3, 6, cat, 4, 1, 1!, 1!, 17, 063.jpg, singleton, cat_singleton, 0.0058, 1, 0.5454
2, 3, 6, cat, 5, 1, 1!, 1!, 20, 042.jpg, singleton, cat_singleton, 0.0078, 1, 0.4794
2, 3, 6, cat, 6, 1, 1!, 1!, 17, 063.jpg, singleton, cat_singleton_2back, 0.0098, 1, 0.4855
2, 3, 6, cat, 7, 1, 2@, 2@, 23, 058.jpg, singleton, cat_singleton, 0.0118, 1, 0.5636
2, 3, 6, cat, 8, 1, 1!, 1!, 19, 073.jpg, singleton, cat_singleton, 0.0138, 1, 0.4814
2, 3, 6, cat, 9, 1, 2@, 2@, 9, 056.jpg, different, cat_different_pair1, 0.0158, 1, 0.5994
2, 3, 6, cat, 10, 1, 1!, 1!, 10, 076.jpg, different, cat_different_pair2, 0.0178, 1, 0.5814
2, 3, 6, cat, 11, 1, 2@, 2@, 24, 067.jpg, singleton, cat_singleton, 0.0031, 1, 0.5480
2, 3, 6, cat, 12, 1, 2@, 2@, 22, 007.jpg, singleton, cat_singleton, 0.0051, 1, 0.4581
2, 3, 6, cat, 13, 1, 1!, 1!, 3, 014.jpg, same, cat_same_pair1, 0.0071, 1, 0.5682
2, 3, 6, cat, 14, 1, 2@, 1!, 4, 034.jpg, same, cat_same_pair2, 0.0091, 0, 0.5738
2, 3, 6, cat, 15, 1, 1!, 1!, 3, 014.jpg, same, cat_same_pair1_2back, 0.0111, 1, 0.5721
2, 3, 6, cat, 16, 1, 1!, 1!, 13, 018.jpg, different, cat_different_pair1, 0.0131, 1, 0.6822
2, 3, 6, cat, 17, 1, 2@, 2@, 14, 006.jpg, different, cat_different_pair2, 0.0151, 1, 0.5840
2, 3, 6, cat, 18, 1, 2@, 2@, 21, 078.jpg, singleton, cat_singleton, 0.0169, 1, 0.6464
2, 3, 6, cat, 19, 1, 1!, 1!, 1, 019.jpg, same, cat_same_pair1, 0.0024, 1, 0.4765
2, 3, 6, cat, 20, 1, 1!, 1!, 2, 087.jpg, same, cat_same_pair2, 0.0044, 1, 0.4825
2, 3, 6, cat, 21, 1, 2@, 1!, 18, 041.jpg, singleton, cat_singleton, 0.0064, 0, 0.6008
2, 3, 6, cat, 22, 1, 1!, 1!, 2, 087.jpg, same, cat_same_pair2_2back, 0.0084, 1, 0.4949
2, 3, 6, cat, 23, 1, 1!, 1!, 18, 041.jpg, singleton, cat_singleton_2back, 0.0104, 1, 0.5568
2, 3, 6, cat, 24, 1, 1!, 2@, 7, 027.jpg, same, cat_same_pair1, 0.0124, 0, 0.5385
2, 3, 6, cat, 25, 1, 2@, 2@, 8, 003.jpg, same, cat_same_pair2, 0.0144, 1, 0.5608
2, 3, 6, cat, 26, 1, 2@, 2@, 5, 070.jpg, same, cat_same_pair1, 0.0164, 1, 0.5669
2, 3, 6, cat, 27, 1, 1!, 2@, 6, 048.jpg, same, cat_same_pair2, 0.0017, 0, 0.8215
2, 3, 6, cat, 28, 1, 1!, 1!, 15, 017.jpg, different, cat_different_pair1, 0.0037, 1, 0.5073
2, 3, 6, cat, 29, 1, 2@, 2@, 6, 048.jpg, same, cat_same_pair2_2back, 0.0057, 1, 0.5777
2, 3, 6, cat, 30, 1, 1!, 2@, 16, 050.jpg, different, cat_different_pair2, 0.0077, 0, 0.8235
2, 3, 7, nback, 1, 1, 1!, 1!, 25, 059.jpg, same, nback_same_pair1, 0.0040, 1, 0.3791
2, 3, 7, nback, 2, 1, 1!, 1!, 26, 090.jpg, same, nback_same_pair2, 0.0060, 1, 0.4091
2, 3, 7, nback, 3, 1, 1!, 1!, 43, 044.jpg, singleton, nback_singleton, 0.0080, 1, 0.4553
2, 3, 7, nback, 4, 1, 1!, 1!, 27, 030.jpg, same, nback_same_pair1, 0.0100, 1, 0.5253
2, 3, 7, nback, 5, 1, 1!, 1!, 28, 071.jpg, same, nback_same_pair2, 0.0120, 1, 0.5469
2, 3, 7, nback, 6, 1, 1!, 1!, 31, 011.jpg, same, nback_same_pair1, 0.0140, 1, 0.4732
2, 3, 7, nback, 7, 1, 1!, 1!, 32, 031.jpg, same, nback_same_pair2, 0.0160, 1, 0.4792
2, 3, 7, nback, 8, 1, 2@, 2@, 31, 011.jpg, same, nback_same_pair1_2back, 0.0180, 1, 0.5892
2, 3, 7, nback, 9, 1, 1!, 1!, 29, 060.jpg, same, nback_same_pair1, 0.0033, 1, 0.4600
2, 3, 7, nback, 10, 1, 1!, 1!, 30, 037.jpg, same, nback_same_pair2, 0.0053, 1, 0.3859
2, 3, 7, nback, 11, 1, 1!, 1!, 37, 093.jpg, different, nback_different_pair1, 0.0073, 1, 0.5599
2, 3, 7, nback, 12, 1, 2@, 2@, 30, 037.jpg, same, nback_same_pair2_2back, 0.0093, 1, 0.5019
2, 3, 7, nback, 13, 1, 1!, 1!, 38, 013.jpg, different, nback_different_pair2, 0.0113, 1, 0.5959
2, 3, 7, nback, 14, 1, 1!, 1!, 35, 094.jpg, different, nback_different_pair1, 0.0133, 1, 0.5536
2, 3, 7, nback, 15, 1, 1!, 1!, 36, 043.jpg, different, nback_different_pair2, 0.0153, 1, 0.4479
2, 3, 7, nback, 16, 1, 2@, 2@, 35, 094.jpg, different, nback_different_pair1_2back, 0.0173, 1, 0.5339
2, 3, 7, nback, 17, 1, 1!, 1!, 46, 092.jpg, singleton, nback_singleton, 0.0026, 1, 0.4282
2, 3, 7, nback, 18, 1, 1!, 1!, 44, 080.jpg, singleton, nback_singleton, 0.0046, 1, 0.4667
2, 3, 7, nback, 19, 1, 1!, 1!, 33, 062.jpg, different, nback_different_pair1, 0.0066, 1, 0.4886
2, 3, 7, nback, 20, 1, 2@, 2@, 44, 080.jpg, singleton, nback_singleton_2back, 0.0086, 1, 0.5422
2, 3, 7, nback, 21, 1, 1!, 1!, 34, 038.jpg, different, nback_different_pair2, 0.0106, 1, 0.5242
2, 3, 7, nback, 22, 1, 1!, 1!, 48, 012.jpg, singleton, nback_singleton, 0.0124, 1, 0.4907
2, 3, 7, nback, 23, 1, 1!, 1!, 42, 025.jpg, singleton, nback_singleton, 0.0146, 1, 0.4966
2, 3, 7, nback, 24, 1, 2@, 2@, 48, 012.jpg, singleton, nback_singleton_2back, 0.0166, 1, 0.5262
2, 3, 7, nback, 25, 1, 1!, 1!, 45, 075.jpg, singleton, nback_singleton, 0.0019, 1, 0.4293
2, 3, 7, nback, 26, 1, 1!, 1!, 39, 081.jpg, different, nback_different_pair1, 0.0039, 1, 0.4513
2, 3, 7, nback, 27, 1, 1!, 1!, 40, 051.jpg, different, nback_different_pair2, 0.0059, 1, 0.5772
2, 3, 7, nback, 28, 1, 1!, 1!, 41, 065.jpg, singleton, nback_singleton, 0.0079, 1, 0.5669
2, 3, 7, nback, 29, 1, 2@, 2@, 40, 051.jpg, different, nback_different_pair2_2back, 0.0099, 1, 0.3810
2, 3, 7, nback, 30, 1, 1!, 1!, 47, 055.jpg, singleton, nback_singleton, 0.0119, 1, 0.5311
2, 3, 8, cat, 1, 1, 1!, 1!, 20, 042.jpg, singleton, cat_singleton, 0.0082, 1, 0.7509
2, 3, 8, cat, 2, 1, 1!, 1!, 1, 019.jpg, same, cat_same_pair1, 0.0102, 1, 0.4850
2, 3, 8, cat, 3, 1, 1!, 1!, 20, 042.jpg, singleton, cat_singleton_2back, 0.0122, 1, 0.5229
2, 3, 8, cat, 4, 1, 1!, 1!, 2, 087.jpg, same, cat_same_pair2, 0.0139, 1, 0.5209
2, 3, 8, cat, 5, 1, 2@, 2@, 24, 067.jpg, singleton, cat_singleton, 0.0162, 1, 0.6228
2, 3, 8, cat, 6, 1, 1!, 1!, 3, 014.jpg, same, cat_same_pair1, 0.0015, 1, 0.6056
2, 3, 8, cat, 7, 1, 2@, 2@, 24, 067.jpg, singleton, cat_singleton_2back, 0.0035, 1, 0.6357
2, 3, 8, cat, 8, 1, 1!, 1!, 4, 034.jpg, same, cat_same_pair2, 0.0055, 1, 0.6653
2, 3, 8, cat, 9, 1, 2@, 2@, 22, 007.jpg, singleton, cat_singleton, 0.0075, 1, 0.5277
2, 3, 8, cat, 10, 1, 1!, 1!, 4, 034.jpg, same, cat_same_pair2_2back, 0.0095, 1, 0.6935
2, 3, 8, cat, 11, 1, 1!, 1!, 18, 041.jpg, singleton, cat_singleton, 0.0115, 1, 0.6913
2, 3, 8, cat, 12, 1, 2@, 2@, 5, 070.jpg, same, cat_same_pair1, 0.0135, 1, 0.7376
2, 3, 8, cat, 13, 1, 2@, 2@, 6, 048.jpg, same, cat_same_pair2, 0.0155, 1, 0.7436
2, 3, 8, cat, 14, 1, 2@, 2@, 9, 056.jpg, different, cat_different_pair1, 0.0175, 1, 0.6137
2, 3, 8, cat, 15, 1, 1!, 1!, 10, 076.jpg, different, cat_different_pair2, 0.0028, 1, 0.5723
2, 3, 8, cat, 16, 1, 2@, 2@, 9, 056.jpg, different, cat_different_pair1_2back, 0.0048, 1, 0.5223
2, 3, 8, cat, 17, 1, 1!, 1!, 19, 073.jpg, singleton, cat_singleton, 0.0068, 1, 0.4480
2, 3, 8, cat, 18, 1, 2@, 2@, 21, 078.jpg, singleton, cat_singleton, 0.0088, 1, 0.5740
2, 3, 8, cat, 19, 1, 2@, 2@, 7, 027.jpg, same, cat_same_pair1, 0.0106, 1, 0.6525
2, 3, 8, cat, 20, 1, 2@, 2@, 8, 003.jpg, same, cat_same_pair2, 0.0128, 1, 0.5143
2, 3, 8, cat, 21, 1, 2@, 2@, 23, 058.jpg, singleton, cat_singleton, 0.0148, 1, 0.5602
2, 3, 8, cat, 22, 1, 1!, 1!, 15, 017.jpg, different, cat_different_pair1, 0.0167, 1, 0.4543
2, 3, 8, cat, 23, 1, 2@, 2@, 16, 050.jpg, different, cat_different_pair2, 0.0021, 1, 0.5569
2, 3, 8, cat, 24, 1, 2@, 2@, 11, 039.jpg, different, cat_different_pair1, 0.0041, 1, 0.6270
2, 3, 8, cat, 25, 1, 2@, 2@, 16, 050.jpg, different, cat_different_pair2_2back, 0.0061, 1, 0.5529
2, 3, 8, cat, 26, 1, 2@, 1!, 12, 033.jpg, different, cat_different_pair2, 0.0081, 0, 0.7190
2, 3, 8, cat, 27, 1, 1!, 1!, 13, 018.jpg, different, cat_different_pair1, 0.0101, 1, 0.6049
2, 3, 8, cat, 28, 1, 1!, 2@, 14, 006.jpg, different, cat_different_pair2, 0.0121, 0, 0.7309
2, 3, 8, cat, 29, 1, 1!, 1!, 13, 018.jpg, different, cat_different_pair1_2back, 0.0141, 1, 0.5207
2, 3, 8, cat, 30, 1, 1!, 1!, 17, 063.jpg, singleton, cat_singleton, 0.0161, 1, 0.5511
