2, 1, 1, nback, 1, 0, , 1!, 48, 012.jpg, singleton, nback_singleton, 0.0122, 0, -1.0000
2, 1, 1, nback, 2, 1, 2@, 1!, 37, 093.jpg, different, nback_different_pair1, 0.0142, 0, 0.5396
2, 1, 1, nback, 3, 1, 1!, 1!, 38, 013.jpg, different, nback_different_pair2, 0.0162, 1, 0.5615
2, 1, 1, nback, 4, 1, 1!, 1!, 41, 065.jpg, singleton, nback_singleton, 0.0014, 1, 0.7762
2, 1, 1, nback, 5, 1, 1!, 1!, 44, 080.jpg, singleton, nback_singleton, 0.0035, 1, 0.6942
2, 1, 1, nback, 6, 1, 2@, 1!, 29, 060.jpg, same, nback_same_pair1, 0.0055, 0, 0.8203
2, 1, 1, nback, 7, 0, , 1!, 30, 037.jpg, same, nback_same_pair2, 0.0075, 0, -1.0000
2, 1, 1, nback, 8, 1, 1!, 2@, 29, 060.jpg, same, nback_same_pair1_2back, 0.0095, 0, 0.6719
2, 1, 1, nback, 9, 1, 1!, 1!, 33, 062.jpg, different, nback_different_pair1, 0.0115, 1, 0.5502
2, 1, 1, nback, 10, 0, , 1!, 34, 038.jpg, different, nback_different_pair2, 0.0135, 0, -1.0000
2, 1, 1, nback, 11, 1, 1!, 1!, 35, 094.jpg, different, nback_different_pair1, 0.0155, 1, 0.5862
2, 1, 1, nback, 12, 1, 1!, 1!, 36, 043.jpg, different, nback_different_pair2, 0.0175, 1, 0.5361
2, 1, 1, nback, 13, 1, 1!, 1!, 47, 055.jpg, singleton, nback_singleton, 0.0028, 1, 0.7828
2, 1, 1, nback, 14, 1, 2@, 2@, 36, 043.jpg, different, nback_different_pair2_2back, 0.0048, 1, 0.6529
2, 1, 1, nback, 15, 1, 1!, 1!, 42, 025.jpg, singleton, nback_singleton, 0.0068, 1, 0.5146
2, 1, 1, nback, 16, 1, 1!, 1!, 43, 044.jpg, singleton, nback_singleton, 0.0088, 1, 0.6970
2, 1, 1, nback, 17, 1, 2@, 2@, 42, 025.jpg, singleton, nback_singleton_2back, 0.0108, 1, 0.5830
2, 1, 1, nback, 18, 1, 1!, 1!, 25, 059.jpg, same, nback_same_pair1, 0.0128, 1, 0.8450
2, 1, 1, nback, 19, 1, 1!, 1!, 26, 090.jpg, same, nback_same_pair2, 0.0148, 1, 0.8106
2, 1, 1, nback, 20, 1, 1!, 2@, 25, 059.jpg, same, nback_same_pair1_2back, 0.0168, 0, 0.8490
2, 1, 1, nback, 21, 1, 1!, 1!, 45, 075.jpg, singleton, nback_singleton, 0.0021, 1, 0.5596
2, 1, 1, nback, 22, 1, 1!, 1!, 46, 092.jpg, singleton, nback_singleton, 0.0039, 1, 0.5337
2, 1, 1, nback, 23, 1, 1!, 1!, 31, 011.jpg, same, nback_same_pair1, 0.0061, 1, 0.7236
2, 1, 1, nback, 24, 1, 2@, 2@, 46, 092.jpg, singleton, nback_singleton_2back, 0.0081, 1, 0.5057
2, 1, 1, nback, 25, 1, 1!, 1!, 32, 031.jpg, same, nback_same_pair2, 0.0101, 1, 0.8233
2, 1, 1, nback, 26, 1, 1!, 1!, 39, 081.jpg, different, nback_different_pair1, 0.0121, 1, 0.9253
2, 1, 1, nback, 27, 1, 1!, 2@, 32, 031.jpg, same, nback_same_pair2_2back, 0.0141, 0, 0.8197
2, 1, 1, nback, 28, 1, 1!, 1!, 40, 051.jpg, different, nback_different_pair2, 0.0160, 1, 0.8256
2, 1, 1, nback, 29, 1, 1!, 1!, 27, 030.jpg, same, nback_same_pair1, 0.0181, 1, 0.8637
2, 1, 1, nback, 30, 1, 1!, 1!, 28, 071.jpg, same, nback_same_pair2, 0.0034, 1, 0.8942
2, 1, 2, cat, 1, 0, , 2@, 24, 067.jpg, singleton, cat_singleton, 0.0163, 0, -1.0000
2, 1, 2, cat, 2, 1, 1!, 1!, 20, 042.jpg, singleton, cat_singleton, 0.0017, 1, 0.5439
2, 1, 2, cat, 3, 0, , 1!, 17, 063.jpg, singleton, cat_singleton, 0.0037, 0, -1.0000
2, 1, 2, cat, 4, 1, 1!, 1!, 13, 018.jpg, different, cat_different_pair1, 0.0057, 1, 0.5720
2, 1, 2, cat, 5, 1, 1!, 2@, 14, 006.jpg, different, cat_different_pair2, 0.0077, 0, 0.5137
2, 1, 2, cat, 6, 1, 1!, 1!, 1, 019.jpg, same, cat_same_pair1, 0.0097, 1, 0.5118
2, 1, 2, cat, 7, 1, 2@, 1!, 2, 087.jpg, same, cat_same_pair2, 0.0117, 0, 0.7900
2, 1, 2, cat, 8, 1, 2@, 1!, 15, 017.jpg, different, cat_different_pair1, 0.0137, 0, 0.8921
2, 1, 2, cat, 9, 1, 1!, 2@, 16, 050.jpg, different, cat_different_pair2, 0.0157, 0, 0.8660
2, 1, 2, cat, 10, 0, , 1!, 18, 041.jpg, singleton, cat_singleton, 0.0176, 0, -1.0000
2, 1, 2, cat, 11, 1, 2@, 2@, 16, 050.jpg, different, cat_different_pair2_2back, 0.0030, 1, 0.8467
2, 1, 2, cat, 12, 1, 2@, 1!, 18, 041.jpg, singleton, cat_singleton_2back, 0.0050, 0, 0.5487
2, 1, 2, cat, 13, 0, , 2@, 11, 039.jpg, different, cat_different_pair1, 0.0070, 0, -1.0000
2, 1, 2, cat, 14, 1, 1!, 1!, 12, 033.jpg, different, cat_different_pair2, 0.0090, 1, 0.5206
2, 1, 2, cat, 15, 1, 1!, 2@, 11, 039.jpg, different, cat_different_pair1_2back, 0.0110, 0, 0.4627
2, 1, 2, cat, 16, 1, 1!, 1!, 3, 014.jpg, same, cat_same_pair1, 0.0130, 1, 0.6367
2, 1, 2, cat, 17, 1, 1!, 1!, 4, 034.jpg, same, cat_same_pair2, 0.0149, 1, 0.4427
2, 1, 2, cat, 18, 0, , 2@, 21, 078.jpg, singleton, cat_singleton, 0.0170, 0, -1.0000
2, 1, 2, cat, 19, 1, 2@, 2@, 5, 070.jpg, same, cat_same_pair1, 0.0023, 1, 0.5354
2, 1, 2, cat, 20, 1, 2@, 2@, 6, 048.jpg, same, cat_same_pair2, 0.0043, 1, 0.4370
2, 1, 2, cat, 21, 1, 2@, 2@, 23, 058.jpg, singleton, cat_singleton, 0.0063, 1, 0.7792
2, 1, 2, cat, 22, 1, 2@, 2@, 6, 048.jpg, same, cat_same_pair2_2back, 0.0083, 1, 0.5452
2, 1, 2, cat, 23, 1, 2@, 2@, 23, 058.jpg, singleton, cat_singleton_2back, 0.0103, 1, 0.6074
2, 1, 2, cat, 24, 1, 2@, 1!, 19, 073.jpg, singleton, cat_singleton, 0.0123, 0, 0.4934
2, 1, 2, cat, 25, 1, 1!, 2@, 9, 056.jpg, different, cat_different_pair1, 0.0143, 0, 0.7073
2, 1, 2, cat, 26, 1, 1!, 1!, 10, 076.jpg, different, cat_different_pair2, 0.0163, 1, 0.5933
2, 1, 2, cat, 27, 1, 1!, 2@, 9, 056.jpg, different, cat_different_pair1_2back, 0.0015, 0, 0.6078
2, 1, 2, cat, 28, 1, 2@, 2@, 7, 027.jpg, same, cat_same_pair1, 0.0036, 1, 0.5979
2, 1, 2, cat, 29, 0, , 2@, 8, 003.jpg, same, cat_same_pair2, 0.0056, 0, -1.0000
2, 1, 2, cat, 30, 1, 1!, 2@, 22, 007.jpg, singleton, cat_singleton, 0.0076, 0, 0.3859
2, 1, 3, nback, 1, 1, 1!, 1!, 35, 094.jpg, different, nback_different_pair1, 0.0039, 1, 0.7654
2, 1, 3, nback, 2, 1, 1!, 1!, 36, 043.jpg, different, nback_different_pair2, 0.0059, 1, 0.6916
2, 1, 3, nback, 3, 0, , 1!, 41, 065.jpg, singleton, nback_singleton, 0.0079, 0, -1.0000
2, 1, 3, nback, 4, 1, 1!, 1!, 29, 060.jpg, same, nback_same_pair1, 0.0099, 1, 0.6078
2, 1, 3, nback, 5, 1, 2@, 1!, 30, 037.jpg, same, nback_same_pair2, 0.0119, 0, 0.7097
2, 1, 3, nback, 6, 1, 1!, 1!, 44, 080.jpg, singleton, nback_singleton, 0.0139, 1, 0.4197
2, 1, 3, nback, 7, 1, 2@, 1!, 33, 062.jpg, different, nback_different_pair1, 0.0159, 0, 0.7217
2, 1, 3, nback, 8, 1, 1!, 1!, 34, 038.jpg, different, nback_different_pair2, 0.0178, 1, 0.5598
2, 1, 3, nback, 9, 1, 1!, 2@, 33, 062.jpg, different, nback_different_pair1_2back, 0.0032, 0, 0.5425
2, 1, 3, nback, 10, 1, 1!, 1!, 47, 055.jpg, singleton, nback_singleton, 0.0052, 1, 0.6122
2, 1, 3, nback, 11, 1, 1!, 1!, 27, 030.jpg, same, nback_same_pair1, 0.0072, 1, 0.7864
2, 1, 3, nback, 12, 1, 1!, 2@, 47, 055.jpg, singleton, nback_singleton_2back, 0.0092, 0, 0.6964
2, 1, 3, nback, 13, 1, 1!, 1!, 28, 071.jpg, same, nback_same_pair2, 0.0112, 1, 0.5981
2, 1, 3, nback, 14, 1, 2@, 1!, 45, 075.jpg, singleton, nback_singleton, 0.0131, 0, 0.6201
2, 1, 3, nback, 15, 1, 1!, 1!, 43, 044.jpg, singleton, nback_singleton, 0.0152, 1, 0.8984
2, 1, 3, nback, 16, 1, 1!, 2@, 45, 075.jpg, singleton, nback_singleton_2back, 0.0170, 0, 0.7045
2, 1, 3, nback, 17, 1, 1!, 1!, 25, 059.jpg, same, nback_same_pair1, 0.0025, 1, 0.8471
2, 1, 3, nback, 18, 1, 2@, 1!, 26, 090.jpg, same, nback_same_pair2, 0.0045, 0, 0.5967
2, 1, 3, nback, 19, 0, , 1!, 39, 081.jpg, different, nback_different_pair1, 0.0065, 0, -1.0000
2, 1, 3, nback, 20, 1, 2@, 2@, 26, 090.jpg, same, nback_same_pair2_2back, 0.0085, 1, 0.6651
2, 1, 3, nback, 21, 1, 2@, 1!, 40, 051.jpg, different, nback_different_pair2, 0.0105, 0, 0.7992
2, 1, 3, nback, 22, 1, 1!, 1!, 37, 093.jpg, different, nback_different_pair1, 0.0125, 1, 0.8052
2, 1, 3, nback, 23, 1, 2@, 1!, 38, 013.jpg, different, nback_different_pair2, 0.0145, 0, 0.8747
2, 1, 3, nback, 24, 1, 2@, 1!, 31, 011.jpg, same, nback_same_pair1, 0.0165, 0, 0.8810
2, 1, 3, nback, 25, 1, 2@, 2@, 38, 013.jpg, different, nback_different_pair2_2back, 0.0018, 1, 0.9038
2, 1, 3, nback, 26, 1, 2@, 2@, 31, 011.jpg, same, nback_same_pair1_2back, 0.0038, 1, 0.8857
2, 1, 3, nback, 27, 1, 1!, 1!, 32, 031.jpg, same, nback_same_pair2, 0.0058, 1, 0.6359
2, 1, 3, nback, 28, 1, 2@, 1!, 46, 092.jpg, singleton, nback_singleton, 0.0078, 0, 0.6658
2, 1, 3, nback, 29, 0, , 1!, 42, 025.jpg, singleton, nback_singleton, 0.0098, 0, -1.0000
2, 1, 3, nback, 30, 1, 2@, 1!, 48, 012.jpg, singleton, nback_singleton, 0.0118, 0, 0.7179
2, 1, 4, cat, 1, 1, 1!, 2@, 5, 070.jpg, same, cat_same_pair1, 0.0081, 0, 0.8093
2, 1, 4, cat, 2, 0, , 2@, 6, 048.jpg, same, cat_same_pair2, 0.0101, 0, -1.0000
2, 1, 4, cat, 3, 1, 1!, 1!, 18, 041.jpg, singleton, cat_singleton, 0.0121, 1, 0.6695
2, 1, 4, cat, 4, 1, 2@, 2@, 23, 058.jpg, singleton, cat_singleton, 0.0141, 1, 0.6194
2, 1, 4, cat, 5, 1, 1!, 2@, 9, 056.jpg, different, cat_different_pair1, 0.0161, 0, 0.7775
2, 1, 4, cat, 6, 0, , 1!, 10, 076.jpg, different, cat_different_pair2, 0.0013, 0, -1.0000
2, 1, 4, cat, 7, 1, 2@, 1!, 13, 018.jpg, different, cat_different_pair1, 0.0032, 0, 0.5984
2, 1, 4, cat, 8, 1, 1!, 1!, 10, 076.jpg, different, cat_different_pair2_2back, 0.0054, 1, 0.8198
2, 1, 4, cat, 9, 1, 1!, 1!, 13, 018.jpg, different, cat_different_pair1_2back, 0.0074, 1, 0.6021
2, 1, 4, cat, 10, 1, 1!, 2@, 14, 006.jpg, different, cat_different_pair2, 0.0094, 0, 0.7358
2, 1, 4, cat, 11, 1, 1!, 2@, 24, 067.jpg, singleton, cat_singleton, 0.0114, 0, 0.5501
2, 1, 4, cat, 12, 1, 1!, 2@, 22, 007.jpg, singleton, cat_singleton, 0.0134, 0, 0.5558
2, 1, 4, cat, 13, 1, 2@, 1!, 3, 014.jpg, same, cat_same_pair1, 0.0154, 0, 0.6581
2, 1, 4, cat, 14, 1, 2@, 1!, 4, 034.jpg, same, cat_same_pair2, 0.0173, 0, 0.4802
2, 1, 4, cat, 15, 1, 2@, 1!, 17, 063.jpg, singleton, cat_singleton, 0.0027, 0, 0.6945
2, 1, 4, cat, 16, 1, 1!, 1!, 20, 042.jpg, singleton, cat_singleton, 0.0047, 1, 0.3247
2, 1, 4, cat, 17, 1, 1!, 2@, 21, 078.jpg, singleton, cat_singleton, 0.0067, 0, 0.5070
2, 1, 4, cat, 18, 1, 1!, 2@, 7, 027.jpg, same, cat_same_pair1, 0.0087, 0, 0.6408
2, 1, 4, cat, 19, 1, 1!, 2@, 21, 078.jpg, singleton, cat_singleton_2back, 0.0107, 0, 0.5428
2, 1, 4, cat, 20, 1, 2@, 2@, 8, 003.jpg, same, cat_same_pair2, 0.0125, 1, 0.5726
2, 1, 4, cat, 21, 1, 1!, 2@, 11, 039.jpg, different, cat_different_pair1, 0.0147, 0, 0.8909
2, 1, 4, cat, 22, 1, 2@, 2@, 8, 003.jpg, same, cat_same_pair2_2back, 0.0166, 1, 0.8965
2, 1, 4, cat, 23, 1, 2@, 1!, 12, 033.jpg, different, cat_different_pair2, 0.0018, 0, 0.6395
2, 1, 4, cat, 24, 1, 1!, 1!, 1, 019.jpg, same, cat_same_pair1, 0.0038, 1, 0.7413
2, 1, 4, cat, 25, 1, 2@, 1!, 2, 087.jpg, same, cat_same_pair2, 0.0060, 0, 0.7076
2, 1, 4, cat, 26, 1, 1!, 1!, 1, 019.jpg, same, cat_same_pair1_2back, 0.0080, 1, 0.8092
2, 1, 4, cat, 27, 1, 1!, 1!, 19, 073.jpg, singleton, cat_singleton, 0.0100, 1, 0.5673
2, 1, 4, cat, 28, 1, 2@, 1!, 15, 017.jpg, different, cat_different_pair1, 0.0118, 0, 0.6617
2, 1, 4, cat, 29, 1, 2@, 1!, 19, 073.jpg, singleton, cat_singleton_2back, 0.0139, 0, 0.6912
2, 1, 4, cat, 30, 1, 2@, 2@, 16, 050.jpg, different, cat_different_pair2, 0.0159, 1, 0.8816
2, 1, 5, nback, 1, 1, 1!, 1!, 33, 062.jpg, different, nback_different_pair1, 0.0122, 1, 0.7969
2, 1, 5, nback, 2, 1, 1!, 1!, 34, 038.jpg, different, nback_different_pair2, 0.0143, 1, 0.9629
2, 1, 5, nback, 3, 1, 1!, 1!, 39, 081.jpg, different, nback_different_pair1, 0.0162, 1, 0.7529
2, 1, 5, nback, 4, 1, 2@, 2@, 34, 038.jpg, different, nback_different_pair2_2back, 0.0016, 1, 0.7436
2, 1, 5, nback, 5, 1, 1!, 1!, 40, 051.jpg, different, nback_different_pair2, 0.0034, 1, 0.7341
2, 1, 5, nback, 6, 1, 1!, 1!, 37, 093.jpg, different, nback_different_pair1, 0.0054, 1, 0.9962
2, 1, 5, nback, 7, 1, 2@, 2@, 40, 051.jpg, different, nback_different_pair2_2back, 0.0076, 1, 0.5619
2, 1, 5, nback, 8, 1, 1!, 1!, 38, 013.jpg, different, nback_different_pair2, 0.0094, 1, 0.4559
2, 1, 5, nback, 9, 1, 1!, 1!, 43, 044.jpg, singleton, nback_singleton, 0.0116, 1, 0.7419
2, 1, 5, nback, 10, 1, 1!, 1!, 42, 025.jpg, singleton, nback_singleton, 0.0134, 1, 0.6441
2, 1, 5, nback, 11, 1, 1!, 1!, 45, 075.jpg, singleton, nback_singleton, 0.0156, 1, 0.7779
2, 1, 5, nback, 12, 1, 1!, 1!, 48, 012.jpg, singleton, nback_singleton, 0.0176, 1, 0.7678
2, 1, 5, nback, 13, 1, 1!, 1!, 47, 055.jpg, singleton, nback_singleton, 0.0029, 1, 0.8625
2, 1, 5, nback, 14, 1, 2@, 1!, 29, 060.jpg, same, nback_same_pair1, 0.0049, 0, 0.8686
2, 1, 5, nback, 15, 1, 1!, 1!, 30, 037.jpg, same, nback_same_pair2, 0.0067, 1, 0.8027
2, 1, 5, nback, 16, 1, 1!, 1!, 27, 030.jpg, same, nback_same_pair1, 0.0089, 1, 0.6164
2, 1, 5, nback, 17, 1, 1!, 1!, 28, 071.jpg, same, nback_same_pair2, 0.0108, 1, 0.7826
2, 1, 5, nback, 18, 1, 2@, 2@, 27, 030.jpg, same, nback_same_pair1_2back, 0.0128, 1, 0.6286
2, 1, 5, nback, 19, 1, 1!, 1!, 46, 092.jpg, singleton, nback_singleton, 0.0148, 1, 0.7622
2, 1, 5, nback, 20, 1, 1!, 1!, 41, 065.jpg, singleton, nback_singleton, 0.0168, 1, 0.7286
2, 1, 5, nback, 21, 1, 1!, 1!, 35, 094.jpg, different, nback_different_pair1, 0.0022, 1, 0.7669
2, 1, 5, nback, 22, 1, 2@, 2@, 41, 065.jpg, singleton, nback_singleton_2back, 0.0042, 1, 0.5969
2, 1, 5, nback, 23, 1, 1!, 2@, 35, 094.jpg, different, nback_different_pair1_2back, 0.0062, 0, 0.7153
2, 1, 5, nback, 24, 0, , 1!, 36, 043.jpg, different, nback_different_pair2, 0.0082, 0, -1.0000
2, 1, 5, nback, 25, 1, 1!, 1!, 44, 080.jpg, singleton, nback_singleton, 0.0100, 1, 0.4075
2, 1, 5, nback, 26, 1, 1!, 1!, 25, 059.jpg, same, nback_same_pair1, 0.0121, 1, 0.5812
2, 1, 5, nback, 27, 1, 2@, 2@, 44, 080.jpg, singleton, nback_singleton_2back, 0.0141, 1, 0.5633
2, 1, 5, nback, 28, 1, 1!, 1!, 26, 090.jpg, same, nback_same_pair2, 0.0161, 1, 0.6253
2, 1, 5, nback, 29, 1, 1!, 1!, 31, 011.jpg, same, nback_same_pair1, 0.0015, 1, 0.6720
2, 1, 5, nback, 30, 1, 1!, 1!, 32, 031.jpg, same, nback_same_pair2, 0.0035, 1, 0.5979
2, 1, 6, cat, 1, 1, 1!, 1!, 15, 017.jpg, different, cat_different_pair1, 0.0164, 1, 0.8331
2, 1, 6, cat, 2, 0, , 2@, 16, 050.jpg, different, cat_different_pair2, 0.0018, 0, -1.0000
2, 1, 6, cat, 3, 1, 1!, 1!, 15, 017.jpg, different, cat_different_pair1_2back, 0.0038, 1, 0.5976
2, 1, 6, cat, 4, 1, 2@, 2@, 21, 078.jpg, singleton, cat_singleton, 0.0058, 1, 0.8513
2, 1, 6, cat, 5, 0, , 2@, 22, 007.jpg, singleton, cat_singleton, 0.0077, 0, -1.0000
2, 1, 6, cat, 6, 1, 1!, 1!, 1, 019.jpg, same, cat_same_pair1, 0.0097, 1, 0.7113
2, 1, 6, cat, 7, 1, 1!, 1!, 2, 087.jpg, same, cat_same_pair2, 0.0117, 1, 0.6535
2, 1, 6, cat, 8, 1, 1!, 1!, 18, 041.jpg, singleton, cat_singleton, 0.0137, 1, 0.7238
2, 1, 6, cat, 9, 1, 1!, 1!, 2, 087.jpg, same, cat_same_pair2_2back, 0.0157, 1, 0.7376
2, 1, 6, cat, 10, 1, 1!, 1!, 20, 042.jpg, singleton, cat_singleton, 0.0177, 1, 0.6634
2, 1, 6, cat, 11, 1, 2@, 2@, 9, 056.jpg, different, cat_different_pair1, 0.0031, 1, 0.8380
2, 1, 6, cat, 12, 1, 1!, 1!, 20, 042.jpg, singleton, cat_singleton_2back, 0.0050, 1, 0.8042
2, 1, 6, cat, 13, 1, 2@, 1!, 10, 076.jpg, different, cat_different_pair2, 0.0070, 0, 0.8340
2, 1, 6, cat, 14, 0, , 1!, 17, 063.jpg, singleton, cat_singleton, 0.0091, 0, -1.0000
2, 1, 6, cat, 15, 1, 1!, 1!, 13, 018.jpg, different, cat_different_pair1, 0.0111, 1, 0.4464
2, 1, 6, cat, 16, 1, 1!, 1!, 17, 063.jpg, singleton, cat_singleton_2back, 0.0130, 1, 0.5965
2, 1, 6, cat, 17, 1, 2@, 2@, 14, 006.jpg, different, cat_different_pair2, 0.0150, 1, 0.5224
2, 1, 6, cat, 18, 1, 1!, 1!, 3, 014.jpg, same, cat_same_pair1, 0.0170, 1, 0.5682
2, 1, 6, cat, 19, 1, 1!, 1!, 4, 034.jpg, same, cat_same_pair2, 0.0024, 1, 0.6866
2, 1, 6, cat, 20, 1, 2@, 2@, 23, 058.jpg, singleton, cat_singleton, 0.0044, 1, 0.6287
2, 1, 6, cat, 21, 1, 1!, 1!, 4, 034.jpg, same, cat_same_pair2_2back, 0.0064, 1, 0.5630
2, 1, 6, cat, 22, 1, 2@, 2@, 5, 070.jpg, same, cat_same_pair1, 0.0084, 1, 0.5929
2, 1, 6, cat, 23, 1, 2@, 2@, 6, 048.jpg, same, cat_same_pair2, 0.0104, 1, 0.6069
2, 1, 6, cat, 24, 1, 1!, 2@, 5, 070.jpg, same, cat_same_pair1_2back, 0.0123, 0, 0.7330
2, 1, 6, cat, 25, 1, 1!, 2@, 7, 027.jpg, same, cat_same_pair1, 0.0143, 0, 0.4586
2, 1, 6, cat, 26, 1, 2@, 2@, 8, 003.jpg, same, cat_same_pair2, 0.0163, 1, 0.5688
2, 1, 6, cat, 27, 1, 1!, 2@, 24, 067.jpg, singleton, cat_singleton, 0.0015, 0, 0.9598
2, 1, 6, cat, 28, 1, 1!, 1!, 19, 073.jpg, singleton, cat_singleton, 0.0037, 1, 0.7416
2, 1, 6, cat, 29, 1, 1!, 2@, 11, 039.jpg, different, cat_different_pair1, 0.0057, 0, 0.6835
2, 1, 6, cat, 30, 0, , 1!, 12, 033.jpg, different, cat_different_pair2, 0.0077, 0, -1.0000
2, 1, 7, nback, 1, 1, 1!, 1!, 41, 065.jpg, singleton, nback_singleton, 0.0040, 1, 0.6694
2, 1, 7, nback, 2, 1, 1!, 1!, 35, 094.jpg, different, nback_different_pair1, 0.0060, 1, 0.9714
2, 1, 7, nback, 3, 1, 1!, 1!, 36, 043.jpg, different, nback_different_pair2, 0.0080, 1, 0.7053
2, 1, 7, nback, 4, 1, 1!, 1!, 25, 059.jpg, same, nback_same_pair1, 0.0100, 1, 0.6555
2, 1, 7, nback, 5, 1, 1!, 1!, 26, 090.jpg, same, nback_same_pair2, 0.0120, 1, 0.7094
2, 1, 7, nback, 6, 1, 2@, 1!, 33, 062.jpg, different, nback_different_pair1, 0.0139, 0, 0.7954
2, 1, 7, nback, 7, 1, 1!, 1!, 34, 038.jpg, different, nback_different_pair2, 0.0159, 1, 0.8091
2, 1, 7, nback, 8, 1, 1!, 1!, 47, 055.jpg, singleton, nback_singleton, 0.0179, 1, 0.8793
2, 1, 7, nback, 9, 1, 1!, 1!, 45, 075.jpg, singleton, nback_singleton, 0.0033, 1, 0.7417
2, 1, 7, nback, 10, 1, 1!, 1!, 27, 030.jpg, same, nback_same_pair1, 0.0052, 1, 0.6920
2, 1, 7, nback, 11, 1, 1!, 1!, 28, 071.jpg, same, nback_same_pair2, 0.0073, 1, 0.6260
2, 1, 7, nback, 12, 1, 1!, 1!, 43, 044.jpg, singleton, nback_singleton, 0.0093, 1, 0.6319
2, 1, 7, nback, 13, 1, 2@, 2@, 28, 071.jpg, same, nback_same_pair2_2back, 0.0113, 1, 0.7100
2, 1, 7, nback, 14, 1, 2@, 2@, 43, 044.jpg, singleton, nback_singleton_2back, 0.0132, 1, 0.6677
2, 1, 7, nback, 15, 1, 1!, 1!, 46, 092.jpg, singleton, nback_singleton, 0.0152, 1, 0.4817
2, 1, 7, nback, 16, 1, 1!, 1!, 44, 080.jpg, singleton, nback_singleton, 0.0173, 1, 0.6400
2, 1, 7, nback, 17, 1, 1!, 1!, 39, 081.jpg, different, nback_different_pair1, 0.0026, 1, 0.6067
2, 1, 7, nback, 18, 0, , 1!, 40, 051.jpg, different, nback_different_pair2, 0.0046, 0, -1.0000
2, 1, 7, nback, 19, 1, 1!, 2@, 39, 081.jpg, different, nback_different_pair1_2back, 0.0066, 0, 0.6504
2, 1, 7, nback, 20, 1, 1!, 1!, 37, 093.jpg, different, nback_different_pair1, 0.0086, 1, 0.4564
2, 1, 7, nback, 21, 1, 1!, 1!, 38, 013.jpg, different, nback_different_pair2, 0.0106, 1, 0.3588
2, 1, 7, nback, 22, 1, 2@, 2@, 37, 093.jpg, different, nback_different_pair1_2back, 0.0125, 1, 0.4768
2, 1, 7, nback, 23, 1, 1!, 1!, 42, 025.jpg, singleton, nback_singleton, 0.0145, 1, 0.5948
2, 1, 7, nback, 24, 1, 1!, 1!, 29, 060.jpg, same, nback_same_pair1, 0.0165, 1, 0.7284
2, 1, 7, nback, 25, 1, 1!, 1!, 30, 037.jpg, same, nback_same_pair2, 0.0019, 1, 0.5913
2, 1, 7, nback, 26, 1, 2@, 1!, 48, 012.jpg, singleton, nback_singleton, 0.0039, 0, 0.8374
2, 1, 7, nback, 27, 1, 1!, 2@, 30, 037.jpg, same, nback_same_pair2_2back, 0.0059, 0, 0.8754
2, 1, 7, nback, 28, 0, , 2@, 48, 012.jpg, singleton, nback_singleton_2back, 0.0078, 0, -1.0000
2, 1, 7, nback, 29, 1, 1!, 1!, 31, 011.jpg, same, nback_same_pair1, 0.0098, 1, 0.5915
2, 1, 7, nback, 30, 1, 1!, 1!, 32, 031.jpg, same, nback_same_pair2, 0.0119, 1, 0.5653
2, 1, 8, cat, 1, 0, , 1!, 18, 041.jpg, singleton, cat_singleton, 0.0082, 0, -1.0000
2, 1, 8, cat, 2, 1, 2@, 2@, 23, 058.jpg, singleton, cat_singleton, 0.0101, 1, 0.6311
2, 1, 8, cat, 3, 1, 1!, 1!, 15, 017.jpg, different, cat_different_pair1, 0.0121, 1, 0.7573
2, 1, 8, cat, 4, 1, 1!, 2@, 16, 050.jpg, different, cat_different_pair2, 0.0141, 0, 0.7551
2, 1, 8, cat, 5, 1, 1!, 2@, 24, 067.jpg, singleton, cat_singleton, 0.0162, 0, 0.6649
2, 1, 8, cat, 6, 1, 2@, 1!, 19, 073.jpg, singleton, cat_singleton, 0.0015, 0, 0.8959
2, 1, 8, cat, 7, 1, 1!, 2@, 24, 067.jpg, singleton, cat_singleton_2back, 0.0035, 0, 0.6216
2, 1, 8, cat, 8, 1, 1!, 1!, 13, 018.jpg, different, cat_different_pair1, 0.0055, 1, 0.5317
2, 1, 8, cat, 9, 1, 2@, 2@, 14, 006.jpg, different, cat_different_pair2, 0.0075, 1, 0.6177
2, 1, 8, cat, 10, 1, 1!, 1!, 3, 014.jpg, same, cat_same_pair1, 0.0093, 1, 0.4958
2, 1, 8, cat, 11, 1, 2@, 2@, 14, 006.jpg, different, cat_different_pair2_2back, 0.0114, 1, 0.6054
2, 1, 8, cat, 12, 1, 2@, 1!, 3, 014.jpg, same, cat_same_pair1_2back, 0.0134, 0, 0.7076
2, 1, 8, cat, 13, 1, 2@, 1!, 4, 034.jpg, same, cat_same_pair2, 0.0154, 0, 0.7778
2, 1, 8, cat, 14, 1, 1!, 2@, 11, 039.jpg, different, cat_different_pair1, 0.0172, 0, 0.6320
2, 1, 8, cat, 15, 1, 1!, 1!, 12, 033.jpg, different, cat_different_pair2, 0.0025, 1, 0.5188
2, 1, 8, cat, 16, 1, 2@, 2@, 22, 007.jpg, singleton, cat_singleton, 0.0048, 1, 0.6284
2, 1, 8, cat, 17, 1, 2@, 1!, 12, 033.jpg, different, cat_different_pair2_2back, 0.0067, 0, 0.4983
2, 1, 8, cat, 18, 1, 2@, 2@, 22, 007.jpg, singleton, cat_singleton_2back, 0.0087, 1, 0.6404
2, 1, 8, cat, 19, 1, 1!, 2@, 21, 078.jpg, singleton, cat_singleton, 0.0107, 0, 0.5981
2, 1, 8, cat, 20, 1, 2@, 2@, 5, 070.jpg, same, cat_same_pair1, 0.0127, 1, 0.9164
2, 1, 8, cat, 21, 1, 1!, 2@, 6, 048.jpg, same, cat_same_pair2, 0.0148, 0, 0.7224
2, 1, 8, cat, 22, 1, 1!, 1!, 20, 042.jpg, singleton, cat_singleton, 0.0167, 1, 0.6721
2, 1, 8, cat, 23, 1, 1!, 1!, 17, 063.jpg, singleton, cat_singleton, 0.0021, 1, 0.6950
2, 1, 8, cat, 24, 1, 1!, 2@, 7, 027.jpg, same, cat_same_pair1, 0.0040, 0, 0.7091
2, 1, 8, cat, 25, 1, 1!, 2@, 8, 003.jpg, same, cat_same_pair2, 0.0060, 0, 0.6592
2, 1, 8, cat, 26, 1, 2@, 2@, 7, 027.jpg, same, cat_same_pair1_2back, 0.0080, 1, 0.7531
2, 1, 8, cat, 27, 1, 1!, 1!, 1, 019.jpg, same, cat_same_pair1, 0.0100, 1, 0.7352
2, 1, 8, cat, 28, 1, 2@, 1!, 2, 087.jpg, same, cat_same_pair2, 0.0121, 0, 0.7167
2, 1, 8, cat, 29, 1, 1!, 2@, 9, 056.jpg, different, cat_different_pair1, 0.0140, 0, 0.7151
2, 1, 8, cat, 30, 1, 1!, 1!, 10, 076.jpg, different, cat_different_pair2, 0.0160, 1, 0.5448
